City_citipy,Country_code_citipy,Country_Name_ISO,City_ID,city,country,Longitude,Latitude,Temperature,Humidity,Wind,Clouds
Yerky,UA,Ukraine,701075,Yerky,UA,33.53,49.93,-1.86,94,3.47,92
Caconda,AO,Angola,3351380,Caconda,AO,15.06,-13.73,26.15,35,1.22,92
Diamantino,BR,Brazil,3464724,Diamantino,BR,-56.44,-14.4,29.4,74,2.12,68
Huarmey,PE,Peru,3939168,Huarmey,PE,-78.15,-10.07,21.6,81,1.62,92
Abha,SA,Saudi arabia,110690,Abha,SA,42.5,18.22,14.03,100,0.22,0
Hinton,CA,Canada,5975503,Hinton,CA,-117.57,53.4,-9.33,92,1.67,0
Pevek,RU,Russian federation,2122090,Pevek,RU,170.27,69.7,-12.83,72,9.92,0
Hirara,JP,Japan,1862505,Hirara,JP,125.28,24.8,21.77,100,4.52,88
Puerto berrio,CO,Colombia,3671540,Puerto Berrio,CO,-74.4,6.49,26.82,78,0.72,8
Jamestown,SH,"Saint helena, ascension and tristan da cunha",3370903,Jamestown,SH,-5.72,-15.94,22.15,100,5.02,100
Aviles,ES,Spain,3129135,Aviles,ES,-5.92,43.55,6,75,4.1,20
Constitucion,CL,Chile,3893726,Constitucion,CL,-72.42,-35.33,16.6,80,5.02,56
Hidalgotitlan,MX,Mexico,3527113,Hidalgotitlan,MX,-94.63,17.78,26,57,5.1,40
Klaksvik,FO,Faroe islands,2618795,Klaksvik,FO,-6.59,62.23,8,93,8.7,0
Nome,US,United states of america,4732862,Nome,US,-94.42,30.04,14.93,30,3.02,1
Baculin,PH,Philippines,1729469,Baculin,PH,126.58,7.45,23,100,3.27,88
Tommot,RU,Russian federation,2015179,Tommot,RU,126.27,58.97,-19.61,70,1.52,76
Manggar,ID,Indonesia,1636426,Manggar,ID,108.27,-2.88,24.4,100,1.42,48
Rewari,IN,India,1258178,Rewari,IN,76.62,28.2,11,81,1.22,20
Kankakee,US,United states of america,4898182,Kankakee,US,-87.86,41.12,-4.14,47,3.57,90
Mount isa,AU,Australia,2065594,Mount Isa,AU,139.49,-20.73,31,43,4.1,12
Preeceville,CA,Canada,6112862,Preeceville,CA,-102.67,51.95,-13.01,76,3.22,92
Santa rosa,AR,Argentina,3835994,Santa Rosa,AR,-64.29,-36.62,20.97,79,2.12,0
Rikitea,PF,French polynesia,4030556,Rikitea,PF,-134.97,-23.12,26.62,97,6.72,44
Bay roberts,CA,Canada,5895424,Bay Roberts,CA,-53.28,47.58,5,100,5.1,90
Nuuk,GL,Greenland,3421319,Nuuk,GL,-51.74,64.17,-9,78,4.6,20
Balkanabat,TM,Turkmenistan,161616,Balkanabat,TM,54.36,39.51,-1.11,96,1.52,24
Broken hill,AU,Australia,2173911,Broken Hill,AU,141.45,-31.97,23,18,7.7,0
San alberto,PY,Paraguay,3437136,San Alberto,PY,-54.91,-24.98,23,94,4.1,90
New norfolk,AU,Australia,2155415,New Norfolk,AU,147.06,-42.78,15,72,2.1,75
Iberia,PE,Peru,3938531,Iberia,PE,-69.49,-11.41,29.47,77,2.12,44
Nikolskoye,RU,Russian federation,546105,Nikolskoye,RU,30.79,59.7,-5,85,3,90
Saldanha,ZA,South africa,3361934,Saldanha,ZA,17.94,-33.01,20,68,3.1,8
Hare bay,CA,Canada,5970873,Hare Bay,CA,-53.99,48.86,-1,100,3.6,90
Kotelnich,RU,Russian federation,543737,Kotelnich,RU,48.34,58.31,-9.01,89,3.12,88
Porto walter,BR,Brazil,3662761,Porto Walter,BR,-72.74,-8.27,32.85,55,1.47,8
Zyryanka,RU,Russian federation,2119283,Zyryanka,RU,150.89,65.73,-32.51,41,1.07,44
Duartina,BR,Brazil,3464422,Duartina,BR,-49.41,-22.41,31.37,41,3.6,40
Antsohihy,MG,Madagascar,1068971,Antsohihy,MG,47.99,-14.88,22.37,100,1.97,92
Takoradi,GH,Ghana,2294915,Takoradi,GH,-1.75,4.89,28.62,98,3.67,0
Corrente,BR,Brazil,3445459,Corrente,BR,-44.68,-17.45,26.47,67,1.97,12
Bijie,CN,China,1816373,Bijie,CN,105.3,27.3,1.07,98,1.37,76
Port macquarie,AU,Australia,2152659,Port Macquarie,AU,152.91,-31.43,20,100,1.5,92
Bela,PK,Pakistan,1182998,Bela,PK,66.31,26.23,11.62,91,1.62,0
Sioux lookout,CA,Canada,6148373,Sioux Lookout,CA,-91.92,50.1,-18.38,64,1.5,90
Aksarka,RU,Russian federation,1512019,Aksarka,RU,67.8,66.56,-36.16,59,1.07,8
Adre,TD,Chad,245669,Adre,TD,22.2,13.47,22.12,37,2.92,0
Nouakchott,MR,Mauritania,2377450,Nouakchott,MR,-15.98,18.08,23,31,4.6,0
Alexandria,EG,Egypt,361058,Alexandria,EG,29.89,31.2,11.45,71,1,0
Sorong,ID,Indonesia,1626542,Sorong,ID,131.25,-0.86,28,100,3.57,8
Belen,US,United states of america,5456975,Belen,US,-106.78,34.66,5.38,60,0.42,75
Ibotirama,BR,Brazil,3461525,Ibotirama,BR,-43.22,-12.18,32.22,40,3.02,76
Savannah bight,HN,Honduras,3601402,Savannah Bight,HN,-85.85,16.45,27,74,1.5,40
Kidal,ML,Mali,2455290,Kidal,ML,1.41,18.44,18.37,26,1.22,0
San ramon de la nueva oran,AR,Argentina,3836620,San Ramon de la Nueva Oran,AR,-64.33,-23.13,24.12,92,4.97,100
Mareeba,AU,Australia,2158767,Mareeba,AU,145.42,-16.99,26,88,4.6,90
Sao jose da coroa grande,BR,Brazil,3388456,Sao Jose da Coroa Grande,BR,-35.15,-8.9,24.9,99,3.12,76
Onoda,JP,Japan,1854018,Onoda,JP,131.18,34,5.73,57,3.1,75
Moses lake,US,United states of america,5803990,Moses Lake,US,-119.28,47.13,1.7,95,1.5,90
Moose factory,CA,Canada,6078372,Moose Factory,CA,-80.61,51.26,-22,63,6.2,1
Pauini,BR,Brazil,3662927,Pauini,BR,-67,-7.71,26.37,86,1.77,92
Coromandel,NZ,New zealand,2192093,Coromandel,NZ,175.5,-36.76,21,88,1.5,12
Las cruces,US,United states of america,5475352,Las Cruces,US,-106.78,32.31,11.52,49,1.5,75
Kortkeros,RU,Russian federation,544397,Kortkeros,RU,51.56,61.81,-17,91,2,75
Rio grande,BR,Brazil,3451138,Rio Grande,BR,-52.1,-32.03,28,65,5.7,40
Rapar,IN,India,1258406,Rapar,IN,70.65,23.57,12.67,69,2.02,0
Novobirilyussy,RU,Russian federation,1508260,Novobirilyussy,RU,90.69,56.95,-14.78,75,3.22,48
Pangody,RU,Russian federation,1495626,Pangody,RU,74.49,65.85,-32.53,41,1.42,24
Hamilton,BM,Bermuda,3573197,Hamilton,BM,-64.78,32.3,18,68,10.3,75
Charlestown,KN,Saint kitts and nevis,3575479,Charlestown,KN,-62.62,17.13,27.48,54,4.6,20
Altay,CN,China,1529651,Altay,CN,88.13,47.83,-13.28,77,0.92,80
Khandbari,NP,Nepal,1283217,Khandbari,NP,87.21,27.38,-6.11,57,0.72,0
Trujillo,VE,Venezuela (bolivarian republic of),3625979,Trujillo,VE,-70.44,9.37,23.57,56,0.67,48
Oppdal,NO,Norway,3143513,Oppdal,NO,9.69,62.6,1.12,89,5.47,56
Husavik,IS,Iceland,2629833,Husavik,IS,-17.34,66.04,-2.01,94,5.27,0
Nayoro,JP,Japan,2128983,Nayoro,JP,142.46,44.36,-7.63,82,1.82,48
Tromso,NO,Norway,3133895,Tromso,NO,18.96,69.65,-0.58,94,6.2,75
Jieshi,CN,China,1805857,Jieshi,CN,115.83,22.82,16.72,97,3.97,92
Magadan,RU,Russian federation,2123628,Magadan,RU,150.8,59.56,-17.08,100,4.27,0
Tarabuco,BO,Bolivia (plurinational state of),3903391,Tarabuco,BO,-64.92,-19.18,17.15,92,1.47,64
Rayachoti,IN,India,1258291,Rayachoti,IN,78.75,14.06,14.75,90,2.07,0
Anloga,GH,Ghana,2304548,Anloga,GH,0.9,5.79,29,74,4.6,0
Pocone,BR,Brazil,3453315,Pocone,BR,-56.62,-16.26,33.35,55,4.02,68
Guymon,US,United states of america,5515743,Guymon,US,-101.48,36.68,9.64,37,3.6,1
Shakhtinsk,KZ,Kazakhstan,1519333,Shakhtinsk,KZ,72.59,49.71,-23,76,3,0
Kaseda,JP,Japan,1859964,Kaseda,JP,130.32,31.42,13.37,100,7.12,88
Zemio,CF,Central african republic,235826,Zemio,CF,25.13,5.02,22.47,79,1.27,0
Saint albans,US,United states of america,5240569,Saint Albans,US,-73.08,44.81,-6.53,77,6.02,90
Aktau,KZ,Kazakhstan,610612,Aktau,KZ,51.16,43.65,-2,100,3,90
Shimanovsk,RU,Russian federation,2016701,Shimanovsk,RU,127.67,52,-27.43,49,1.27,8
Lamar,US,United states of america,5427957,Lamar,US,-102.62,38.09,7.2,35,2.6,1
Gondanglegi,ID,Indonesia,1640660,Gondanglegi,ID,112.01,-7.75,22.25,100,1.32,92
Lere,NG,Nigeria,2332079,Lere,NG,8.57,10.39,25.37,40,1.77,0
Jerantut,MY,Malaysia,1732602,Jerantut,MY,102.37,3.94,22.72,95,0.77,24
Flinders,AU,Australia,6255012,Flinders,AU,150.85,-34.58,18,100,1.5,90
Bonavista,CA,Canada,5905393,Bonavista,CA,-53.11,48.65,5.07,82,5.37,48
Kaeo,NZ,New zealand,2189343,Kaeo,NZ,173.78,-35.1,17.57,96,0.97,88
Mountrath,IE,Ireland,2962465,Mountrath,IE,-7.47,53,6.6,96,1.37,92
Iqaluit,CA,Canada,5983720,Iqaluit,CA,-68.52,63.75,-31,67,6.7,75
Luderitz,NA,Namibia,3355672,Luderitz,NA,15.16,-26.65,17,78,5.82,0
Zawiercie,PL,Poland,3080526,Zawiercie,PL,19.43,50.48,-5,92,3.6,75
Copiapo,CL,Chile,3893656,Copiapo,CL,-70.33,-27.37,22,56,4.1,40
Ternate,ID,Indonesia,1624041,Ternate,ID,127.4,0.8,27.52,100,3.57,12
Puerto escondido,MX,Mexico,3520994,Puerto Escondido,MX,-97.07,15.86,29,70,4.1,20
Port hardy,CA,Canada,6111862,Port Hardy,CA,-127.42,50.7,8,87,1.5,75
High level,CA,Canada,5975004,High Level,CA,-117.13,58.52,-20.58,66,2.57,92
Monrovia,LR,Liberia,2274895,Monrovia,LR,-10.8,6.33,28,78,2.52,20
Sorochinsk,RU,Russian federation,490554,Sorochinsk,RU,53.15,52.43,-14.58,83,1.42,80
Riviera beach,US,United states of america,4366966,Riviera Beach,US,-76.51,39.16,2.39,51,7.2,1
Dwarka,IN,India,1273294,Dwarka,IN,77.04,28.58,11,81,1.22,20
Horki,BY,Belarus,627905,Horki,BY,30.98,54.29,-10.76,84,1.12,68
Harper,LR,Liberia,2276492,Harper,LR,-7.71,4.38,28.02,100,4.62,44
Kodinsk,RU,Russian federation,1503037,Kodinsk,RU,99.18,58.6,-12.33,60,2.97,68
Porto novo,CV,Cabo verde,3374336,Porto Novo,CV,-25.06,17.02,25,47,12.3,0
Mmathubudukwane,BW,Botswana,933347,Mmathubudukwane,BW,26.43,-24.61,24,69,5.1,40
Bontang,ID,Indonesia,1648186,Bontang,ID,117.47,0.12,27.6,97,5.27,0
Novaya igirma,RU,Russian federation,2019004,Novaya Igirma,RU,103.93,57.14,-7.88,83,3.12,64
Pimentel,PE,Peru,3693584,Pimentel,PE,-79.94,-6.84,30,55,5.7,20
Abalak,NE,Niger,2448245,Abalak,NE,6.28,15.46,22.27,51,1.32,12
Cuamba,MZ,Mozambique,1047660,Cuamba,MZ,36.54,-14.8,23.9,91,1.47,68
Ilmajoki,FI,Finland,656740,Ilmajoki,FI,22.58,62.73,-0.35,92,5.1,90
Bardiyah,LY,Libya,80509,Bardiyah,LY,25.09,31.76,15.32,90,6.77,0
Grand-lahou,CI,Côte d'ivoire,2288105,Grand-Lahou,CI,-5,5.24,29.4,64,3.47,12
Wamba,CD,Congo (democratic republic of the),204318,Wamba,CD,27.99,2.14,25.85,51,2.22,0
Mahibadhoo,MV,Maldives,1337605,Mahibadhoo,MV,72.97,3.78,27.6,100,6.72,36
Sibolga,ID,Indonesia,1213855,Sibolga,ID,98.78,1.74,19.92,100,0.62,36
Zabid,YE,Yemen,69559,Zabid,YE,44.5,14.2,8.87,27,2.32,32
Ponta delgada,PT,Portugal,3372783,Ponta Delgada,PT,-25.67,37.73,14,71,6.2,20
Marinette,US,United states of america,5261852,Marinette,US,-87.63,45.1,-6.75,67,4.1,75
Chapais,CA,Canada,5919850,Chapais,CA,-74.86,49.78,-16,77,6.2,90
Karpogory,RU,Russian federation,552256,Karpogory,RU,44.44,64,-13.98,78,2.42,44
Longyearbyen,SJ,Svalbard and jan mayen,2729907,Longyearbyen,SJ,15.64,78.22,-6,79,15.4,90
Livezile,RO,Romania,674641,Livezile,RO,24.57,47.18,-5.11,92,1.42,88
Marovoay,MG,Madagascar,1059507,Marovoay,MG,46.64,-16.11,27,83,1,20
Black river,JM,Jamaica,3491355,Black River,JM,-77.85,18.03,28,65,3.1,20
Jalingo,NG,Nigeria,2351027,Jalingo,NG,10.93,10.3,25.02,35,2.12,0
Chabahar,IR,Iran (islamic republic of),1161724,Chabahar,IR,60.65,25.29,24.25,93,6.87,0
Dunedin,NZ,New zealand,2191562,Dunedin,NZ,170.5,-45.87,9.62,100,2.22,92
Hami,CN,China,1529484,Hami,CN,93.51,42.84,-12.63,59,0.27,76
Hachinohe,JP,Japan,2130203,Hachinohe,JP,141.48,40.47,1,59,7.7,75
Chebsara,RU,Russian federation,569681,Chebsara,RU,38.84,59.2,-13,92,1,75
West wendover,US,United states of america,5710035,West Wendover,US,-114.07,40.74,2.8,78,2.6,90
Salinopolis,BR,Brazil,3389822,Salinopolis,BR,-47.36,-0.61,24.47,100,3.42,88
Istanbul,TR,Turkey,745044,Istanbul,TR,28.95,41.01,12.57,76,8.2,75
Barrow,US,United states of america,4252975,Barrow,US,-90.4,39.51,-2.26,55,2.07,1
Puerto leguizamo,CO,Colombia,3671437,Puerto Leguizamo,CO,-74.78,-0.19,28.15,81,1.47,44
French harbor,HN,Honduras,3609667,French Harbor,HN,-86.43,16.35,26,78,6.2,40
Tiznit,MA,Morocco,2527089,Tiznit,MA,-9.73,29.7,14.32,78,2.37,0
Cangzhou,CN,China,1816080,Cangzhou,CN,116.85,38.3,-7.38,66,1.32,44
Diego de almagro,CL,Chile,3892454,Diego de Almagro,CL,-70.05,-26.39,24.65,47,2.57,0
Pedasi,PA,Panama,3703239,Pedasi,PA,-80.03,7.53,26.4,99,7.47,0
Khandyga,RU,Russian federation,2022773,Khandyga,RU,135.58,62.65,-42.36,0,1.17,20
Mantua,CU,Cuba,3547930,Mantua,CU,-84.28,22.29,24.37,64,3.37,0
Coquimbo,CL,Chile,3893629,Coquimbo,CL,-71.34,-29.95,20,60,6.7,20
Klyuchi,RU,Russian federation,1503153,Klyuchi,RU,79.17,52.25,-18.38,68,1.52,36
Mazagao,BR,Brazil,3395042,Mazagao,BR,-51.29,-0.12,27,100,5.1,75
Marawi,SD,Sudan,370481,Marawi,SD,31.82,18.48,19.72,34,4.62,8
Teya,RU,Russian federation,1489656,Teya,RU,92.63,60.37,-20.41,52,3.22,32
Quang ngai,VN,Viet nam,1568770,Quang Ngai,VN,108.8,15.12,19.57,100,1.07,92
Hilo,US,United states of america,5855927,Hilo,US,-155.08,19.71,23.3,73,2.6,1
Takhtamygda,RU,Russian federation,2015707,Takhtamygda,RU,123.57,54.1,-27.53,49,1.07,32
Yuzhno-kurilsk,RU,Russian federation,2119447,Yuzhno-Kurilsk,RU,145.86,44.03,-2.13,100,12.02,24
Amasia,AM,Armenia,616971,Amasia,AM,43.79,40.96,-11,78,0.5,24
Gambela,ET,Ethiopia,337405,Gambela,ET,34.59,8.25,18.4,73,0.97,0
Zunyi,CN,China,1783621,Zunyi,CN,106.92,27.73,1.15,100,1.22,92
Tucumcari,US,United states of america,5495360,Tucumcari,US,-103.73,35.17,13.9,38,7.2,1
Dondo,MZ,Mozambique,1024696,Dondo,MZ,34.74,-19.62,29,83,5.02,75
Khingansk,RU,Russian federation,2022454,Khingansk,RU,131.18,49.12,-25.03,58,1.72,0
Parrita,CR,Costa rica,3622537,Parrita,CR,-84.33,9.52,26.5,44,7.2,0
Kudat,MY,Malaysia,1736458,Kudat,MY,116.84,6.89,27,83,2.1,75
Axioupoli,GR,Greece,736661,Axioupoli,GR,22.54,40.99,2,93,1,75
Otane,NZ,New zealand,2185329,Otane,NZ,176.62,-39.89,14.97,87,1.82,8
Warrnambool,AU,Australia,2144528,Warrnambool,AU,142.48,-38.38,14.27,100,5.07,0
Esil,KZ,Kazakhstan,1524296,Esil,KZ,66.41,51.96,-23.01,50,2.67,44
Verkhoyansk,RU,Russian federation,2013465,Verkhoyansk,RU,133.39,67.55,-40.28,86,1.47,76
Aswan,EG,Egypt,359792,Aswan,EG,32.9,24.09,10.4,70,3.62,24
Dickson,US,United states of america,4618057,Dickson,US,-87.39,36.08,0.8,47,3.6,1
Souillac,MU,Mauritius,933995,Souillac,MU,57.52,-20.52,28,83,5.1,40
Churapcha,RU,Russian federation,2025241,Churapcha,RU,132.43,62,-40.63,90,1.32,32
Sainte-anne-des-monts,CA,Canada,6137749,Sainte-Anne-des-Monts,CA,-66.49,49.13,-3.11,95,10.62,88
Bindura,ZW,Zimbabwe,895061,Bindura,ZW,31.33,-17.3,18.17,96,1.12,64
Ribeira grande,PT,Portugal,3372707,Ribeira Grande,PT,-28.7,38.52,14,67,7.2,40
Saint-augustin,CA,Canada,6138501,Saint-Augustin,CA,-73.98,45.63,-6.64,57,4.6,90
Castro,CL,Chile,3896218,Castro,CL,-73.76,-42.48,16,55,4.1,0
Barra do bugres,BR,Brazil,3470718,Barra do Bugres,BR,-57.19,-15.07,31.12,75,2.22,44
Mae chan,TH,Thailand,1152227,Mae Chan,TH,99.85,20.15,19,100,1,92
Evensk,RU,Russian federation,2125693,Evensk,RU,159.24,61.92,-3.28,94,5.92,68
Isiro,CD,Congo (democratic republic of the),215771,Isiro,CD,27.62,2.77,24.02,59,1.77,0
Voh,NC,New caledonia,2137748,Voh,NC,164.69,-20.95,24.4,100,6.92,0
Tuatapere,NZ,New zealand,2180815,Tuatapere,NZ,167.69,-46.13,11.4,100,7.47,64
Udachnyy,RU,Russian federation,2014624,Udachnyy,RU,112.4,66.42,-36.43,57,1.12,20
Paragominas,BR,Brazil,3393106,Paragominas,BR,-47.35,-3,23.12,98,2.92,92
Boromo,BF,Burkina faso,2362150,Boromo,BF,-2.93,11.74,28.37,37,1.22,0
Christchurch,NZ,New zealand,2192362,Christchurch,NZ,172.64,-43.53,16,93,4.1,8
Bondo,CD,Congo (democratic republic of the),218253,Bondo,CD,23.69,3.81,28.22,44,2.07,0
Podkumskiy,RU,Russian federation,508257,Podkumskiy,RU,43.21,44.08,-4,92,9,0
Vega de alatorre,MX,Mexico,3514843,Vega de Alatorre,MX,-96.65,20.03,20.07,94,2.87,12
Norman wells,CA,Canada,6089245,Norman Wells,CA,-126.83,65.28,-36,73,3.6,90
Tuktoyaktuk,CA,Canada,6170031,Tuktoyaktuk,CA,-133.03,69.44,-38,65,3.6,40
Djambala,CG,Congo,2260401,Djambala,CG,14.76,-2.55,23.4,92,1.52,12
Grootfontein,NA,Namibia,3357114,Grootfontein,NA,18.1,-19.56,29,48,1.5,0
Dikson,RU,Russian federation,1507390,Dikson,RU,80.55,73.51,-27.61,100,3.47,32
Nawabganj,IN,India,1261642,Nawabganj,IN,82.14,26.86,9.22,90,1.82,0
Hermanus,ZA,South africa,3366880,Hermanus,ZA,19.24,-34.42,18.75,60,3.27,0
Porto torres,IT,Italy,3170069,Porto Torres,IT,8.4,40.84,3,86,1,0
Gelemso,ET,Ethiopia,337010,Gelemso,ET,40.52,8.81,10,58,1.57,0
Guamuchil,MX,Mexico,4005297,Guamuchil,MX,-108.1,25.47,25.75,69,2.17,20
Praia,CV,Cabo verde,3374333,Praia,CV,-23.51,14.92,24.42,86,6.37,48
Lodja,CD,Congo (democratic republic of the),211647,Lodja,CD,23.6,-3.52,23.62,91,0.77,20
Starkville,US,United states of america,4447161,Starkville,US,-88.82,33.45,7.47,42,4.1,1
Nouadhibou,MR,Mauritania,2377457,Nouadhibou,MR,-17.03,20.93,20,56,6.7,0
El tocuyo,VE,Venezuela (bolivarian republic of),3641275,El Tocuyo,VE,-69.8,9.79,28,48,3.1,75
Lagoa,PT,Portugal,2267254,Lagoa,PT,-8.45,37.14,13,71,4.1,0
Buraydah,SA,Saudi arabia,107304,Buraydah,SA,43.97,26.33,12,58,3.6,0
Port elizabeth,ZA,South africa,964420,Port Elizabeth,ZA,25.57,-33.92,21,73,4.6,20
Santa elena,EC,Ecuador,3651438,Santa Elena,EC,-80.86,-2.23,27,78,4.1,75
Bunia,CD,Congo (democratic republic of the),217695,Bunia,CD,30.25,1.56,19.47,74,0.92,0
Saint-francois,GP,Guadeloupe,3578441,Saint-Francois,GP,-61.27,16.25,27,65,5.7,75
Araouane,ML,Mali,2460954,Araouane,ML,-3.53,18.9,19.92,24,1.32,8
Garowe,SO,Somalia,58933,Garowe,SO,48.48,8.41,22.4,53,4.22,24
Kropotkin,RU,Russian federation,540761,Kropotkin,RU,40.58,45.43,-0.76,73,5.02,76
Nedumangad,IN,India,1261553,Nedumangad,IN,77,8.61,26,88,1,20
Kamaishi,JP,Japan,2112444,Kamaishi,JP,141.86,39.28,2.12,76,6.82,0
Baiao,BR,Brazil,3406844,Baiao,BR,-49.67,-2.79,23.85,100,1.32,92
Kloulklubed,PW,Palau,7671223,Kloulklubed,PW,134.26,7.04,26,83,5.1,90
Govindgarh,IN,India,1270854,Govindgarh,IN,77,27.5,9.02,79,1.67,76
Gasa,BT,Bhutan,1252578,Gasa,BT,89.73,27.91,-31.88,21,0.12,0
Nhulunbuy,AU,Australia,2064735,Nhulunbuy,AU,136.78,-12.18,28,88,3.6,40
Anshun,CN,China,1817968,Anshun,CN,105.93,26.25,10.57,97,2.32,92
Cabedelo,BR,Brazil,3404558,Cabedelo,BR,-34.84,-6.97,30,58,7.2,20
Newport,GB,United kingdom of great britain and northern ireland,2641598,Newport,GB,-3,51.59,5.82,100,2.6,90
Leh,IN,India,1264976,Leh,IN,77.58,34.16,-25.01,72,0.77,76
Mamakan,RU,Russian federation,2020311,Mamakan,RU,114.02,57.82,-8.98,72,2.47,56
Yatou,CN,China,1783956,Yatou,CN,104.32,33.81,-11.08,79,0.97,0
Pangnirtung,CA,Canada,6096551,Pangnirtung,CA,-65.72,66.15,-31,67,1,5
Atuona,PF,French polynesia,4020109,Atuona,PF,-139.03,-9.8,27.47,99,8.42,68
Thompson,CA,Canada,6165406,Thompson,CA,-97.86,55.74,-21,76,2.1,90
Jiuquan,CN,China,1280957,Jiuquan,CN,98.49,39.73,-25.13,32,1.07,20
Sananduva,BR,Brazil,3450496,Sananduva,BR,-51.81,-27.95,24.57,91,4.12,76
Estelle,US,United states of america,4671240,Estelle,US,-97.01,32.87,9.98,39,3.6,90
Biskamzha,RU,Russian federation,1510030,Biskamzha,RU,89.53,53.45,-13.83,70,2.72,64
Brae,GB,United kingdom of great britain and northern ireland,2654970,Brae,GB,-1.35,60.4,9,87,8.2,92
Kuandian,CN,China,2036283,Kuandian,CN,124.78,40.73,-18.66,57,1.17,0
Geraldton,AU,Australia,2070998,Geraldton,AU,114.6,-28.77,18,72,5.1,90
Hearst,CA,Canada,5973108,Hearst,CA,-83.67,49.69,-18.61,58,3.37,0
Zheleznodorozhnyy,RU,Russian federation,463355,Zheleznodorozhnyy,RU,38,55.75,-9.24,92,1,75
Stabat,ID,Indonesia,1213655,Stabat,ID,98.46,3.76,22.52,94,1.02,56
Kirkwall,GB,United kingdom of great britain and northern ireland,2645198,Kirkwall,GB,-2.96,58.98,9,87,8.2,75
Poum,NC,New caledonia,2138555,Poum,NC,164.02,-20.23,26.5,99,4.67,24
Stantsionno-oyashinskiy,RU,Russian federation,1491055,Stantsionno-Oyashinskiy,RU,83.82,55.47,-17.73,75,2.97,56
Ust-kuyga,RU,Russian federation,2013921,Ust-Kuyga,RU,135.55,70,-40.41,88,1.67,68
Galle,LK,Sri lanka,1246294,Galle,LK,80.22,6.04,25.25,100,1.07,12
Soanierana ivongo,MG,Madagascar,1056386,Soanierana Ivongo,MG,49.59,-16.92,27.32,95,4.02,88
Weyburn,CA,Canada,6179652,Weyburn,CA,-103.85,49.67,-7.16,94,1.72,0
Puerto madero,MX,Mexico,3520989,Puerto Madero,MX,-92.42,14.72,30,66,4.1,40
Erdenet,MN,Mongolia,2031405,Erdenet,MN,104.04,49.03,-26.01,38,1.17,0
Maningrida,AU,Australia,2067089,Maningrida,AU,134.23,-12.05,27.25,86,2.32,0
Chany,RU,Russian federation,1508458,Chany,RU,76.76,55.31,-25.61,65,1.42,32
Gombe,NG,Nigeria,2340451,Gombe,NG,11.16,10.28,24,44,0.97,0
Chuy,UY,Uruguay,3443061,Chuy,UY,-53.46,-33.69,22.87,100,2.77,48
Cherskiy,RU,Russian federation,2126199,Cherskiy,RU,161.3,68.75,-22.76,33,1.52,0
Manaure,CO,Colombia,3675504,Manaure,CO,-72.45,11.78,28,69,5.1,20
Bandarbeyla,SO,Somalia,64814,Bandarbeyla,SO,50.81,9.49,24.92,100,8.97,8
Sisimiut,GL,Greenland,3419842,Sisimiut,GL,-53.67,66.94,-28.33,100,0.82,0
Porto belo,BR,Brazil,3452900,Porto Belo,BR,-48.54,-27.15,29.53,79,6.2,75
Jaguaruna,BR,Brazil,3460197,Jaguaruna,BR,-49.03,-28.62,29.62,83,3.97,64
Maxixe,MZ,Mozambique,1039536,Maxixe,MZ,35.35,-23.86,29,83,4.1,20
Nandgaon,IN,India,1261971,Nandgaon,IN,74.66,20.31,12.82,73,2.57,0
Plouzane,FR,France,2986626,Plouzane,FR,-4.62,48.38,4.19,80,2.1,0
Talcahuano,CL,Chile,3870282,Talcahuano,CL,-73.12,-36.72,21,40,7.2,0
Wattegama,LK,Sri lanka,1241622,Wattegama,LK,80.68,7.35,20.85,92,1.67,24
Tinskoy,RU,Russian federation,1489571,Tinskoy,RU,96.92,56.15,-9.23,68,2.62,76
Whitehorse,CA,Canada,6180550,Whitehorse,CA,-135.06,60.72,-28,75,2.1,75
Ranong,TH,Thailand,1150965,Ranong,TH,98.62,9.96,27,78,1.5,20
Baturaja,ID,Indonesia,1649593,Baturaja,ID,104.17,-4.12,24.07,96,1.32,32
San vicente,AR,Argentina,3428067,San Vicente,AR,-58.42,-35.02,22,68,5.1,75
Bathsheba,BB,Barbados,3374083,Bathsheba,BB,-59.52,13.22,28,69,6.7,20
Samarai,PG,Papua new guinea,2132606,Samarai,PG,150.67,-10.62,28.12,100,4.07,56
Adrar,DZ,Algeria,2508813,Adrar,DZ,-0.29,27.87,15,15,4.6,0
Fallon,US,United states of america,5681948,Fallon,US,-105.12,46.84,1.7,63,3.6,1
Kendari,ID,Indonesia,1640344,Kendari,ID,122.52,-3.99,23.85,95,1.22,76
Corinto,NI,Nicaragua,3620269,Corinto,NI,-87.17,12.48,31.12,52,2.22,0
Kyrylivka,UA,Ukraine,689198,Kyrylivka,UA,37.3,47.65,0.22,99,8.17,92
Benghazi,LY,Libya,88319,Benghazi,LY,20.07,32.12,17,100,8.72,0
Ozinki,RU,Russian federation,513328,Ozinki,RU,49.73,51.2,-14.36,82,3.57,80
Kavali,IN,India,1267394,Kavali,IN,79.99,14.91,18.02,89,2.07,0
Zhigansk,RU,Russian federation,2012530,Zhigansk,RU,123.37,66.77,-40.01,86,2.42,32
Auki,SB,Solomon islands,2109701,Auki,SB,160.7,-8.77,26.72,100,2.42,32
Bennettsville,US,United states of america,4570634,Bennettsville,US,-79.68,34.62,5.88,34,3.6,1
Ciumani,RO,Romania,681436,Ciumani,RO,25.52,46.68,-7.88,90,0.97,80
Sao filipe,CV,Cabo verde,3374210,Sao Filipe,CV,-24.5,14.9,23.22,92,7.17,92
Katsuura,JP,Japan,1865309,Katsuura,JP,134.5,33.93,9,88,7.2,40
Luancheng,CN,China,1802204,Luancheng,CN,114.65,37.88,-6,67,0.97,76
Prince rupert,CA,Canada,6113406,Prince Rupert,CA,-130.32,54.32,7,87,5.7,90
Kulhudhuffushi,MV,Maldives,1337613,Kulhudhuffushi,MV,73.07,6.62,27.65,100,2.57,0
Puerto varas,CL,Chile,3874930,Puerto Varas,CL,-72.98,-41.32,18,39,4.1,0
Nichinan,JP,Japan,1855476,Nichinan,JP,131.31,31.65,7.47,100,2.77,80
Hobart,AU,Australia,2163355,Hobart,AU,147.33,-42.88,15,72,2.1,75
Balikpapan,ID,Indonesia,1650527,Balikpapan,ID,116.86,-1.24,27.15,100,2.42,48
Chumikan,RU,Russian federation,2025256,Chumikan,RU,135.31,54.72,-20.68,55,4.52,0
Bilma,NE,Niger,2446796,Bilma,NE,12.92,18.69,14.37,37,1.97,0
Longido,TZ,"Tanzania, united republic of",155848,Longido,TZ,36.7,-2.73,22.65,52,5.27,64
Qandala,SO,Somalia,53157,Qandala,SO,49.87,11.47,18.52,100,0.72,68
Bulgan,MN,Mongolia,2032201,Bulgan,MN,103.53,48.81,-22.11,40,1.07,0
Otta,NO,Norway,3143120,Otta,NO,9.54,61.77,-3.36,97,2.22,36
Taoudenni,ML,Mali,2450173,Taoudenni,ML,-3.98,22.68,15.62,24,1.82,0
Praia da vitoria,PT,Portugal,3372760,Praia da Vitoria,PT,-27.07,38.73,14,82,9.37,40
Lahij,YE,Yemen,73560,Lahij,YE,44.88,13.06,17.92,96,1.42,20
Muroto,JP,Japan,1856392,Muroto,JP,134.14,33.37,4.72,100,3.87,0
Torbay,CA,Canada,6167817,Torbay,CA,-52.73,47.66,5,100,5.1,90
Zhanakorgan,KZ,Kazakhstan,1517323,Zhanakorgan,KZ,67.25,43.91,-5.83,73,1.87,0
Mama,RU,Russian federation,2020313,Mama,RU,112.9,58.31,-8.36,73,2.52,76
Yushu,CN,China,2033242,Yushu,CN,126.53,44.84,-19.58,50,1.12,0
Gorin,RU,Russian federation,2023943,Gorin,RU,136.66,51.2,-30.08,32,0.42,0
Touzim,CZ,Czechia,3064145,Touzim,CZ,12.99,50.06,-1.96,73,1,75
Moba,CD,Congo (democratic republic of the),212962,Moba,CD,29.77,-7.04,21.02,100,1.67,8
Rudbar,AF,Afghanistan,1128239,Rudbar,AF,62.6,30.15,12.52,48,4.22,0
Mayo,CA,Canada,6068416,Mayo,CA,-135.9,63.59,-33,74,1.17,90
Santa maria del oro,MX,Mexico,3984078,Santa Maria del Oro,MX,-105.37,25.95,17.85,57,1.67,0
Haimen,CN,China,1801200,Haimen,CN,121.18,31.87,5.72,100,3.27,92
Krasnogorskoye,RU,Russian federation,542356,Krasnogorskoye,RU,52.5,57.7,-10.41,76,3.57,76
Benguela,AO,Angola,3351663,Benguela,AO,13.4,-12.58,25.92,96,2.82,12
Shelburne,CA,Canada,6145890,Shelburne,CA,-80.2,44.08,-6.54,85,6.2,90
Arlit,NE,Niger,2447513,Arlit,NE,7.39,18.74,15.37,60,1.07,0
Geraldton,CA,Canada,5960603,Geraldton,CA,-86.95,49.72,-19,49,1,75
Camacha,PT,Portugal,2270385,Camacha,PT,-16.33,33.08,16,59,1.5,75
Guozhen,CN,China,1927639,Guozhen,CN,113.14,29.3,3.57,100,2.02,92
Jose bonifacio,BR,Brazil,3459667,Jose Bonifacio,BR,-49.69,-21.05,33,24,4.6,20
Matay,EG,Egypt,352628,Matay,EG,30.79,28.42,6,61,2.52,0
Paita,PE,Peru,3694112,Paita,PE,-81.11,-5.09,17,100,3.1,40
Changde,CN,China,1791121,Changde,CN,111.68,29.04,1.92,100,1.62,92
Lebedinyy,RU,Russian federation,2020871,Lebedinyy,RU,125.52,58.52,-15.76,68,2.42,76
Olbia,IT,Italy,6540127,Olbia,IT,9.49,40.92,7,99,3.1,20
Skjervoy,NO,Norway,777682,Skjervoy,NO,20.97,70.03,0.45,74,8.2,90
Valkeala,FI,Finland,632669,Valkeala,FI,26.8,60.94,-6,92,4.6,90
Elko,US,United states of america,5703670,Elko,US,-115.76,40.83,0.6,100,2.1,90
The valley,AI,Anguilla,3573374,The Valley,AI,-63.06,18.22,26.53,65,4.6,20
Abancay,PE,Peru,3948642,Abancay,PE,-72.88,-13.64,3,100,6.2,75
La ronge,CA,Canada,6050066,La Ronge,CA,-105.3,55.1,-17,77,4.1,90
Lander,US,United states of america,5830007,Lander,US,-108.73,42.83,-2.13,59,4.1,1
Khowai,IN,India,1266649,Khowai,IN,91.6,24.08,11.77,90,1.57,0
Gizo,SB,Solomon islands,2108857,Gizo,SB,156.84,-8.1,28.15,100,6.47,76
Barcelos,BR,Brazil,3665098,Barcelos,BR,-62.93,-0.97,27.97,82,2.37,88
Alamosa,US,United states of america,5411479,Alamosa,US,-105.87,37.47,-3.5,64,1.67,1
Joshimath,IN,India,1268814,Joshimath,IN,79.57,30.57,-13.88,100,0.32,76
Villa maria,AR,Argentina,3832694,Villa Maria,AR,-63.24,-32.41,14.4,97,8.97,92
Port keats,AU,Australia,2063039,Port Keats,AU,129.55,-14.25,28.07,96,4.52,48
Oriximina,BR,Brazil,3393471,Oriximina,BR,-55.87,-1.77,25.4,92,1.52,92
Haines junction,CA,Canada,5969025,Haines Junction,CA,-137.51,60.75,-41.86,0,0.87,8
Yacuiba,BO,Bolivia (plurinational state of),3901178,Yacuiba,BO,-63.68,-22.04,19,100,4.6,90
Havoysund,NO,Norway,779622,Havoysund,NO,24.66,71,0.5,86,12.9,75
Hobyo,SO,Somalia,57000,Hobyo,SO,48.53,5.35,24.6,86,7.62,68
Poronaysk,RU,Russian federation,2121909,Poronaysk,RU,143.1,49.22,-15.11,83,3.92,20
Amga,RU,Russian federation,2027786,Amga,RU,131.98,60.89,-33.08,42,1.17,48
Chicama,PE,Peru,3698359,Chicama,PE,-79.15,-7.84,24,88,3.1,90
Rockland,US,United states of america,4948924,Rockland,US,-70.92,42.13,0.37,55,8.7,80
Marsh harbour,BS,Bahamas,3571913,Marsh Harbour,BS,-77.06,26.54,22.1,100,6.42,0
Olga,RU,Russian federation,2018553,Olga,RU,135.29,43.74,-10.28,40,3.32,0
Marica,BR,Brazil,3457708,Marica,BR,-42.82,-22.92,34.74,58,7.2,20
Talara,PE,Peru,3691582,Talara,PE,-81.27,-4.58,17,100,3.1,40
Cravo norte,CO,Colombia,3685702,Cravo Norte,CO,-70.2,6.3,34.85,39,5.72,8
Severo-kurilsk,RU,Russian federation,2121385,Severo-Kurilsk,RU,156.12,50.68,-11.51,100,2.22,8
Cidreira,BR,Brazil,3466165,Cidreira,BR,-50.22,-30.17,28.1,86,4.37,56
La seyne-sur-mer,FR,France,3006414,La Seyne-sur-Mer,FR,5.88,43.1,4.34,51,2.1,0
Mino,JP,Japan,1857062,Mino,JP,136.91,35.54,2,80,1,75
Palauig,PH,Philippines,1696188,Palauig,PH,119.9,15.44,23.52,92,2.97,0
Komsomolskiy,RU,Russian federation,1486910,Komsomolskiy,RU,63.78,67.55,-26.68,47,3.67,32
Innisfail,AU,Australia,2162683,Innisfail,AU,146.03,-17.52,22.62,96,0.67,92
Soyo,AO,Angola,2236967,Soyo,AO,12.37,-6.13,26.65,85,2.47,8
Beringovskiy,RU,Russian federation,2126710,Beringovskiy,RU,179.32,63.05,-6.08,93,11.27,88
Huallanca,PE,Peru,3695465,Huallanca,PE,-76.94,-9.9,11.17,89,1.17,64
Mayumba,GA,Gabon,2399001,Mayumba,GA,10.65,-3.44,26.22,100,3.32,88
Lavrentiya,RU,Russian federation,4031637,Lavrentiya,RU,-170.99,65.58,-20.61,98,9.92,0
Hovd,MN,Mongolia,1516048,Hovd,MN,91.64,48.01,-29.83,27,0.52,0
Fecamp,FR,France,3018794,Fecamp,FR,0.37,49.76,5.48,75,4.1,90
Sistranda,NO,Norway,3139597,Sistranda,NO,8.83,63.73,7,81,15.9,75
Fukue,JP,Japan,1848373,Fukue,JP,136.69,35.03,3.29,86,5.7,75
Broome,AU,Australia,2075720,Broome,AU,122.23,-17.97,29,70,4.6,40
Anadyr,RU,Russian federation,2127202,Anadyr,RU,177.51,64.73,-10,72,14,20
Bosanska dubica,BA,Bosnia and herzegovina,3203657,Bosanska Dubica,BA,16.81,45.18,1,95,3.1,75
Yilan,CN,China,2038572,Yilan,CN,129.52,43.11,-13.78,75,1.22,0
Laguna de perlas,NI,Nicaragua,3618522,Pearl Lagoon,NI,-83.67,12.34,29,70,2.1,40
Kabompo,ZM,Zambia,916246,Kabompo,ZM,24.21,-13.6,24.85,72,2.72,32
Fort nelson,CA,Canada,5955902,Fort Nelson,CA,-122.69,58.81,-23,76,2.1,75
Tura,RU,Russian federation,2014833,Tura,RU,100.22,64.27,-22.26,45,2.67,36
Turukhansk,RU,Russian federation,1488903,Turukhansk,RU,87.96,65.8,-32.01,77,4.07,56
Plettenberg bay,ZA,South africa,964712,Plettenberg Bay,ZA,23.37,-34.05,19.37,98,4.57,36
Sokoto,NG,Nigeria,2322911,Sokoto,NG,5.24,13.06,26.57,47,1.42,20
Nemuro,JP,Japan,2128975,Nemuro,JP,145.57,43.32,-1.18,100,11.32,20
Huaihua,CN,China,1807689,Huaihua,CN,109.96,27.56,1.47,100,1.42,92
Marrakesh,MA,Morocco,2542997,Marrakesh,MA,-7.99,31.63,12,37,1.5,0
Bredasdorp,ZA,South africa,1015776,Bredasdorp,ZA,20.04,-34.53,21,56,8.7,20
Ippy,CF,Central african republic,238566,Ippy,CF,21.2,6.26,25.32,50,2.87,0
Zakharovo,RU,Russian federation,465446,Zakharovo,RU,39.28,54.37,-10.18,86,2.22,68
Kisangani,CD,Congo (democratic republic of the),212730,Kisangani,CD,25.21,0.52,26.77,76,0.92,56
Natitingou,BJ,Benin,2392601,Natitingou,BJ,1.38,10.31,31,14,1.5,0
Tala,EG,Egypt,347612,Tala,EG,30.94,30.68,5.47,79,1.57,0
George,ZA,South africa,1002145,George,ZA,22.46,-33.96,20,72,1,80
Rudnogorsk,RU,Russian federation,2017378,Rudnogorsk,RU,103.75,57.27,-7.88,83,3.12,64
Abhar,IR,Iran (islamic republic of),145034,Abhar,IR,49.22,36.14,-10.78,65,1.62,0
Fortuna,US,United states of america,5563839,Fortuna,US,-124.16,40.6,13.93,100,6.2,90
Roald,NO,Norway,3141667,Roald,NO,6.12,62.58,7.32,87,9.8,75
Tambo,PE,Peru,3929403,Tambo,PE,-74.02,-12.95,14.02,75,0.77,80
Skibbereen,IE,Ireland,2961459,Skibbereen,IE,-9.27,51.55,9,100,1,75
Oakville,US,United states of america,4880620,Oakville,US,-91.04,41.1,-3.28,53,2.6,1
Bridlington,GB,United kingdom of great britain and northern ireland,2654728,Bridlington,GB,-0.19,54.08,7.73,87,2.1,88
Telimele,GN,Guinea,2414926,Telimele,GN,-13.03,10.9,30.72,36,1.72,0
Krasnyy chikoy,RU,Russian federation,2012349,Krasnyy Chikoy,RU,108.75,50.36,-25.66,38,0.97,0
Durazno,UY,Uruguay,3442727,Durazno,UY,-56.52,-33.38,20.82,99,4.27,92
Parakai,NZ,New zealand,2184927,Parakai,NZ,174.44,-36.66,21,88,1.5,48
Vallenar,CL,Chile,3868633,Vallenar,CL,-70.76,-28.58,21.82,68,1.37,0
Snezhnogorsk,RU,Russian federation,795243,Snezhnogorsk,RU,33.23,69.19,-7,85,5,75
Vardo,NO,Norway,777019,Vardo,NO,31.11,70.37,-1.7,92,21.6,75
Axim,GH,Ghana,2303611,Axim,GH,-2.24,4.87,28.87,97,4.22,0
Pirgos,GR,Greece,261814,Pirgos,GR,25.72,35.12,14,82,8.7,40
Vilhena,BR,Brazil,3924679,Vilhena,BR,-60.15,-12.74,26.97,71,1.42,48
Wanaka,NZ,New zealand,2184707,Wanaka,NZ,169.14,-44.7,9.72,84,1.02,24
Yanam,IN,India,1252795,Yanam,IN,82.22,16.73,21.6,84,3.32,0
Mount gambier,AU,Australia,2156643,Mount Gambier,AU,140.78,-37.83,10,87,3.1,0
Abu dhabi,AE,United arab emirates,292968,Abu Dhabi,AE,54.37,24.47,20.48,64,6.2,20
Saint-pierre,PM,Saint pierre and miquelon,3424934,Saint-Pierre,PM,-56.17,46.77,3,93,2.6,90
Hokitika,NZ,New zealand,2206894,Hokitika,NZ,170.96,-42.72,14.62,100,4.37,0
Isangel,VU,Vanuatu,2136825,Isangel,VU,169.27,-19.55,25.07,100,3.12,92
Lamu,KE,Kenya,189741,Lamu,KE,40.9,-2.27,26.4,98,7.27,75
Doembang nangbuat,TH,Thailand,1620010,Doembang Nangbuat,TH,100.1,14.85,21.72,96,1.12,24
Todos santos,MX,Mexico,3981432,Todos Santos,MX,-110.23,23.45,23.51,73,2.1,5
Iracoubo,GF,French guiana,3381428,Iracoubo,GF,-53.21,5.48,24.75,93,2.52,92
Iuna,BR,Brazil,3445764,Iuna,BR,-46.91,-16.38,30,49,2.67,76
Wadi musa,JO,Jordan,246008,Wadi Musa,JO,35.48,30.32,9,49,0.5,0
Leo,BF,Burkina faso,2358382,Leo,BF,-2.1,11.1,30,29,1.27,0
Yar-sale,RU,Russian federation,1486321,Yar-Sale,RU,70.83,66.83,-28.48,84,3.57,24
Ilulissat,GL,Greenland,3423146,Ilulissat,GL,-51.1,69.22,-19,44,0.5,20
Saint-philippe,RE,Réunion,935215,Saint-Philippe,RE,55.77,-21.36,27,74,2.1,0
Zhezkazgan,KZ,Kazakhstan,1516589,Zhezkazgan,KZ,67.71,47.8,-20.26,64,4.07,8
Bongandanga,CD,Congo (democratic republic of the),218229,Bongandanga,CD,21.07,1.51,26.4,76,1.22,20
Zaragoza,MX,Mexico,3514051,Zaragoza,MX,-97.56,19.77,11.77,81,0.97,76
Kaitangata,NZ,New zealand,2208248,Kaitangata,NZ,169.85,-46.28,10.77,85,7.92,8
Oda,JP,Japan,1854774,Oda,JP,132.5,35.19,9.27,100,5.12,76
Ranfurly,NZ,New zealand,2183774,Ranfurly,NZ,170.1,-45.13,9.72,81,0.77,88
Leningradskiy,RU,Russian federation,2123814,Leningradskiy,RU,178.42,69.38,-14.91,95,9.87,76
Shimoda,JP,Japan,1852357,Shimoda,JP,138.93,34.7,11.65,100,7.62,0
Seoul,KR,Korea (republic of),1835848,Seoul,KR,126.98,37.57,-1.59,62,1.07,75
Port augusta,AU,Australia,2063056,Port Augusta,AU,137.76,-32.49,15,77,2.6,0
Praya,ID,Indonesia,1630662,Praya,ID,116.27,-8.71,25,100,1.42,36
Mayor pablo lagerenza,PY,Paraguay,3867427,Mayor Pablo Lagerenza,PY,-60.77,-19.93,37.35,37,9.37,0
Namibe,AO,Angola,3347019,Namibe,AO,12.15,-15.19,23.85,100,4.32,0
Kovur,IN,India,1265888,Kovur,IN,79.99,14.5,16.9,89,1.42,0
Thakurgaon,BD,Bangladesh,1185092,Thakurgaon,BD,88.47,26.02,11.47,86,1.22,0
Sinazongwe,ZM,Zambia,897456,Sinazongwe,ZM,27.46,-17.26,25.27,88,3.22,88
Sebinkarahisar,TR,Turkey,739914,Sebinkarahisar,TR,38.42,40.29,-14.61,63,0.92,24
Moron,MN,Mongolia,2029947,Moron,MN,110.32,47.38,-25.88,38,1.37,0
Longyan,CN,China,1802276,Longyan,CN,117.03,25.1,15.5,100,0.82,92
Natal,BR,Brazil,3394023,Natal,BR,-35.21,-5.81,30,58,9.8,40
Ulundi,ZA,South africa,946257,Ulundi,ZA,31.43,-28.29,23.97,58,0.72,0
Butaritari,KI,Kiribati,2110227,Butaritari,KI,172.79,3.07,29.35,100,5.27,56
Kapaa,US,United states of america,5848280,Kapaa,US,-159.32,22.08,22.05,84,3.1,40
Manadhoo,MV,Maldives,1337618,Manadhoo,MV,73.38,5.77,27.6,100,2.87,0
Chunoyar,RU,Russian federation,1507638,Chunoyar,RU,97.32,57.45,-11.76,57,2.87,44
Zapolyarnyy,RU,Russian federation,464790,Zapolyarnyy,RU,30.82,69.43,-2,86,16.5,75
Lulea,SE,Sweden,604490,Lulea,SE,22.15,65.58,0,87,6.7,0
Honiara,SB,Solomon islands,2108502,Honiara,SB,159.96,-9.43,23,100,1.17,48
Hualmay,PE,Peru,3939761,Hualmay,PE,-77.61,-11.1,24.62,71,2.52,44
Amuntai,ID,Indonesia,1651461,Amuntai,ID,115.25,-2.42,22.37,100,0.87,88
Neiafu,TO,Tonga,4032420,Neiafu,TO,-173.98,-18.65,27,94,3.12,40
Baruun-urt,MN,Mongolia,2032614,Baruun-Urt,MN,113.28,46.68,-17.78,67,6.17,0
Westford,US,United states of america,4955219,Westford,US,-71.44,42.58,-0.35,53,8.2,75
Yangambi,CD,Congo (democratic republic of the),203717,Yangambi,CD,24.47,0.77,24.1,94,0.97,32
Kem,RU,Russian federation,551145,Kem,RU,34.58,64.96,-9.38,92,6.27,56
Matagami,CA,Canada,6067747,Matagami,CA,-77.63,49.76,-22,83,9.8,90
Uruzgan,AF,Afghanistan,1131462,Uruzgan,AF,66.63,32.93,-5.86,91,0.97,88
Northam,AU,Australia,2064550,Northam,AU,116.67,-31.65,15,87,1,0
Erzin,RU,Russian federation,1506938,Erzin,RU,95.16,50.26,-31.28,61,0.77,32
Montepuez,MZ,Mozambique,1037125,Montepuez,MZ,39,-13.13,25.87,83,3.17,80
Cabo san lucas,MX,Mexico,3985710,Cabo San Lucas,MX,-109.91,22.89,23.54,73,2.1,5
Dingwall,GB,United kingdom of great britain and northern ireland,2651245,Dingwall,GB,-4.43,57.6,8,87,5.7,75
Fairbanks,US,United states of america,5861897,Fairbanks,US,-147.72,64.84,-31.73,75,1.52,75
Ourossogui,SN,Senegal,2246922,Ouro Sogui,SN,-13.32,15.61,26,34,1.87,0
Naze,JP,Japan,1855540,Naze,JP,129.48,28.37,17.9,100,3.87,68
Kahului,US,United states of america,5847411,Kahului,US,-156.47,20.89,21.25,96,2.77,40
Findhorn,GB,United kingdom of great britain and northern ireland,2649438,Findhorn,GB,-3.61,57.66,8,81,5.7,75
Noumea,NC,New caledonia,2139521,Noumea,NC,166.46,-22.28,22,94,1.5,90
Road town,VG,Virgin islands (british),3577430,Road Town,VG,-64.62,18.42,27.89,65,4.1,20
Tiksi,RU,Russian federation,2015306,Tiksi,RU,128.87,71.64,-37.58,67,1.42,44
Santiago de cuba,CU,Cuba,3536729,Santiago de Cuba,CU,-75.83,20.03,28.37,45,2.6,40
Sambava,MG,Madagascar,1056899,Sambava,MG,50.17,-14.27,27.65,100,2.12,88
Lakatoro,VU,Vanuatu,2136697,Lakatoro,VU,167.42,-16.11,25.02,100,3.02,36
Estrela,BR,Brazil,3459035,Estrela,BR,-51.96,-29.5,28.47,69,2.07,80
Salama,HN,Honduras,3602603,Salama,HN,-86.57,14.83,24.02,61,2.92,0
Buta,CD,Congo (democratic republic of the),217570,Buta,CD,24.73,2.79,29.12,40,2.42,0
Iguai,BR,Brazil,3461469,Iguai,BR,-40.09,-14.76,27,75,2.77,92
Concarneau,FR,France,3024035,Concarneau,FR,-3.92,47.88,4.35,95,2.6,0
Pilibanga,IN,India,1259688,Pilibanga,IN,74.08,29.49,11.82,79,3.17,48
Ust-ilimsk,RU,Russian federation,2013952,Ust-Ilimsk,RU,102.73,57.96,-8.08,71,2.97,76
Gisborne,NZ,New zealand,2206854,Gisborne,NZ,178.02,-38.66,18.97,66,4.02,0
Asyut,EG,Egypt,359783,Asyut,EG,31.19,27.18,13,54,6.2,0
Awjilah,LY,Libya,88533,Awjilah,LY,21.3,29.14,10.6,37,3.02,0
Gwadar,PK,Pakistan,1177446,Gwadar,PK,62.33,25.12,22.4,94,5.37,0
Freeport,US,United states of america,4893171,Freeport,US,-89.62,42.3,-4.99,61,2.07,1
Batagay-alyta,RU,Russian federation,2027042,Batagay-Alyta,RU,130.41,67.8,-34.38,45,1.17,64
Guerrero negro,MX,Mexico,4021858,Guerrero Negro,MX,-114.04,27.97,16.12,92,1.52,92
Zhangzhou,CN,China,1785018,Zhangzhou,CN,117.65,24.51,17,93,1,75
Deputatskiy,RU,Russian federation,2028164,Deputatskiy,RU,139.9,69.3,-33.16,41,1.47,44
Santa cruz,CR,Costa rica,3621607,Santa Cruz,CR,-85.58,10.26,33,41,7.7,0
Karratha,AU,Australia,6620339,Karratha,AU,116.85,-20.74,31.22,14,6.07,0
Carnarvon,AU,Australia,2074865,Carnarvon,AU,113.63,-24.87,23,78,8.7,0
Canutama,BR,Brazil,3664716,Canutama,BR,-64.38,-6.53,25.97,87,1.42,92
Marsa matruh,EG,Egypt,352733,Marsa Matruh,EG,27.25,31.35,10,66,3.1,0
Hofn,IS,Iceland,2630299,Hofn,IS,-15.21,64.25,6,48,3.6,20
Belousovka,KZ,Kazakhstan,1520316,Belousovka,KZ,82.52,50.13,-12,92,4,90
Qaqortoq,GL,Greenland,3420846,Qaqortoq,GL,-46.03,60.72,-2.48,96,3.12,92
Muzhi,RU,Russian federation,1498161,Muzhi,RU,64.7,65.4,-24.76,60,2.62,0
Havelock,US,United states of america,4470244,Havelock,US,-76.9,34.88,5.23,36,8.2,1
Belaguntha,IN,India,1276568,Belaguntha,IN,84.65,19.88,11.82,81,1.17,0
Mar del plata,AR,Argentina,3863379,Mar del Plata,AR,-67.52,-46.43,21.35,29,8.37,0
Muana,BR,Brazil,3394326,Muana,BR,-49.22,-1.53,23.62,100,1.62,92
Kupang,ID,Indonesia,2057087,Kupang,ID,123.6,-10.16,27.22,99,2.27,76
Russell,NZ,New zealand,2188874,Russell,NZ,174.12,-35.26,17.57,96,0.97,88
Chernyshevskiy,RU,Russian federation,2025456,Chernyshevskiy,RU,112.47,63.01,-18.26,75,1.87,56
Havre-saint-pierre,CA,Canada,5972291,Havre-Saint-Pierre,CA,-63.6,50.23,-3,86,8.7,75
Huntington,US,United states of america,5121636,Huntington,US,-73.43,40.87,0.96,39,9.3,20
Mackay,AU,Australia,2159220,Mackay,AU,149.2,-21.15,25,94,5.7,100
Salisbury,CA,Canada,6139354,Salisbury,CA,-65.04,46.03,-2,79,7.7,90
Dekar,BW,Botswana,933815,Dekar,BW,21.93,-21.53,31.12,30,1.47,68
Mutsu,JP,Japan,2127878,Mutsu,JP,141.2,41.29,0.12,100,8.27,36
Deniliquin,AU,Australia,2169068,Deniliquin,AU,144.96,-35.53,14.65,69,1.52,44
Ahipara,NZ,New zealand,2194098,Ahipara,NZ,173.16,-35.17,17.65,100,1.62,76
Kaitong,CN,China,2036338,Kaitong,CN,123.15,44.81,-17.03,61,1.32,0
Vaini,TO,Tonga,4032243,Vaini,TO,-175.2,-21.2,25,100,2.1,75
Andradas,BR,Brazil,3472254,Andradas,BR,-46.57,-22.07,31,40,2.1,20
Sangar,RU,Russian federation,2017215,Sangar,RU,127.47,63.92,-39.41,0,3.17,44
Tralee,IE,Ireland,2961123,Tralee,IE,-9.7,52.27,10,100,0.5,90
Ostrovnoy,RU,Russian federation,556268,Ostrovnoy,RU,39.51,68.05,-11.16,84,12.77,88
Krasnoshchekovo,RU,Russian federation,1502066,Krasnoshchekovo,RU,82.73,51.67,-13.88,83,1.87,80
Rock hill,US,United states of america,4593142,Rock Hill,US,-81.03,34.92,6.75,38,3.1,1
Itarema,BR,Brazil,3393692,Itarema,BR,-39.92,-2.92,27.57,80,3.77,92
Taikang,CN,China,2034600,Taikang,CN,124.44,46.86,-18.83,59,2.17,0
Xichang,CN,China,1789647,Xichang,CN,102.25,27.88,6.37,27,1.17,0
Phalodi,IN,India,1259813,Phalodi,IN,72.36,27.13,13.6,54,3.47,0
Tolaga bay,NZ,New zealand,2180991,Tolaga Bay,NZ,178.3,-38.37,18.97,66,4.02,0
Anaco,VE,Venezuela (bolivarian republic of),3486270,Anaco,VE,-64.46,9.43,32.42,36,5.57,36
Semporna,MY,Malaysia,1733697,Semporna,MY,118.61,4.48,24,88,1.5,40
Gerash,IR,Iran (islamic republic of),133595,Gerash,IR,54.14,27.67,12,50,1.52,0
Caravelas,BR,Brazil,3466980,Caravelas,BR,-39.27,-17.73,26.57,100,5.47,8
Bom jesus da lapa,BR,Brazil,3469437,Bom Jesus da Lapa,BR,-43.41,-13.25,30,59,1.62,88
Toktogul,KG,Kyrgyzstan,1538648,Toktogul,KG,72.95,41.87,-18.93,63,0.72,32
Berlevag,NO,Norway,780687,Berlevag,NO,29.09,70.86,-1.64,100,18,90
San antonio,CL,Chile,3872395,San Antonio,CL,-71.61,-33.58,21.77,63,6.2,0
Mao,TD,Chad,2428394,Mao,TD,15.31,14.12,21.65,27,3.12,0
Bambous virieux,MU,Mauritius,1106677,Bambous Virieux,MU,57.76,-20.34,28,83,5.1,40
Banda aceh,ID,Indonesia,1215502,Banda Aceh,ID,95.32,5.56,24.67,96,1.57,80
Ede,NG,Nigeria,2325437,Ede,NG,7.64,7.21,30.37,53,1.22,0
Byron bay,AU,Australia,2172880,Byron Bay,AU,153.62,-28.65,19,100,3.32,92
Taltal,CL,Chile,3870243,Taltal,CL,-70.49,-25.41,20.6,67,2.12,0
Clarence town,BS,Bahamas,3572640,Clarence Town,BS,-74.98,23.1,24.15,100,4.47,44
Margate,ZA,South africa,978895,Margate,ZA,30.37,-30.86,24.6,84,8.72,0
Okha,RU,Russian federation,2122614,Okha,RU,142.95,53.59,-12.61,91,11.07,80
Medvezhyegorsk,RU,Russian federation,527888,Medvezhyegorsk,RU,34.47,62.92,-10.23,86,3.07,48
Hambantota,LK,Sri lanka,1244926,Hambantota,LK,81.12,6.12,26,88,5.1,75
Kimbe,PG,Papua new guinea,2093967,Kimbe,PG,150.15,-5.56,26.87,100,2.12,36
Ahome,MX,Mexico,4019098,Ahome,MX,-109.18,25.92,23,53,2.6,40
Ardakan,IR,Iran (islamic republic of),143073,Ardakan,IR,54.02,32.31,6,15,3.1,0
Ketchikan,US,United states of america,5554428,Ketchikan,US,-131.65,55.34,6.87,88,10.3,90
Kargasok,RU,Russian federation,1504382,Kargasok,RU,80.87,59.06,-23.68,73,1.62,24
Puerto carreno,CO,Colombia,3671519,Puerto Carreno,CO,-67.49,6.19,35,39,2.1,20
Kapit,MY,Malaysia,1737185,Kapit,MY,112.94,2.02,22.92,98,0.92,68
Antofagasta,CL,Chile,3899539,Antofagasta,CL,-70.4,-23.65,22,53,6.2,20
San luis,CO,Colombia,3669399,San Luis,CO,-75.1,4.13,25,69,2.1,75
Cayenne,GF,French guiana,3382160,Cayenne,GF,-52.33,4.94,28,69,4.6,75
Yarmouth,CA,Canada,6185217,Yarmouth,CA,-66.12,43.84,1,74,7.2,75
Melfort,CA,Canada,6071876,Melfort,CA,-104.61,52.87,-14,84,4.6,90
Ossora,RU,Russian federation,2122389,Ossora,RU,163.07,59.24,-4.18,86,2.77,56
Vidim,RU,Russian federation,2013406,Vidim,RU,103.11,56.41,-7.98,92,2.47,68
Opuwo,NA,Namibia,3354077,Opuwo,NA,13.84,-18.06,27.87,19,4.22,0
Puerto ayora,EC,Ecuador,3652764,Puerto Ayora,EC,-90.35,-0.74,29,58,4.6,0
Osypenko,UA,Ukraine,699329,Osypenko,UA,34.39,48.04,-1,92,5,90
Paraiso,MX,Mexico,4011743,Paraiso,MX,-104.61,24.01,20,24,3.1,5
Wawa,CA,Canada,6177178,Wawa,CA,-84.77,47.99,-18,59,3.6,40
Haapsalu,EE,Estonia,592225,Haapsalu,EE,23.55,58.95,-4,92,3.6,90
Kuusamo,FI,Finland,649924,Kuusamo,FI,29.19,65.96,-7,85,9.8,90
Yellowknife,CA,Canada,6185377,Yellowknife,CA,-114.38,62.45,-26,75,5.7,75
Bethel,US,United states of america,5880568,Bethel,US,-161.76,60.79,-27.22,72,5.7,1
College,US,United states of america,5859699,College,US,-147.8,64.86,-30.53,75,1.52,75
Vlagtwedde,NL,Netherlands,2745461,Vlagtwedde,NL,7.11,53.03,2.64,100,3.6,90
San-pedro,CI,Côte d'ivoire,2282006,San-Pedro,CI,-6.64,4.75,28.25,78,4.07,0
Kita,ML,Mali,2455216,Kita,ML,-9.49,13.04,29.92,22,1.82,32
Mokhsogollokh,RU,Russian federation,2019867,Mokhsogollokh,RU,128.95,61.4,-31.23,70,1.32,48
Kavaratti,IN,India,1267390,Kavaratti,IN,72.64,10.57,28.02,100,2.77,0
Esperance,AU,Australia,2071860,Esperance,AU,121.89,-33.86,17,77,6.2,75
Russkaya polyana,RU,Russian federation,1493423,Russkaya Polyana,RU,73.88,53.78,-19.76,77,1.52,36
Umm lajj,SA,Saudi arabia,100926,Umm Lajj,SA,37.27,25.02,18.42,96,5.02,68
Lujan,AR,Argentina,3863379,Lujan,AR,-67.67,-46.57,22.25,14,8.27,0
Farmington,US,United states of america,5467328,Farmington,US,-108.21,36.73,2.52,64,1.87,75
Vila franca do campo,PT,Portugal,3372472,Vila Franca do Campo,PT,-25.43,37.72,14,71,6.2,20
Laerdalsoyri,NO,Norway,3148569,Laerdalsoyri,NO,7.48,61.1,3,100,22.6,75
Soria,ES,Spain,3108681,Soria,ES,-2.46,41.76,-3.53,71,4.12,0
Callaway,US,United states of america,5024237,Callaway,US,-95.91,46.98,-8.33,55,4.1,1
Krivosheino,RU,Russian federation,1501795,Krivosheino,RU,83.93,57.34,-26.61,47,2.17,0
Velikiy ustyug,RU,Russian federation,476062,Velikiy Ustyug,RU,46.3,60.76,-8.18,83,4.12,88
Saiha,IN,India,1257771,Saiha,IN,92.98,22.49,10.1,85,1.12,0
Linqiong,CN,China,1803365,Linqiong,CN,103.46,30.42,6,81,2,44
Amahai,ID,Indonesia,1651591,Amahai,ID,129,-3.31,28.65,100,3.77,32
Douglas,US,United states of america,4191916,Douglas,US,-82.85,31.51,11.18,30,4.6,1
Gari,RU,Russian federation,1506676,Gari,RU,62.35,59.43,-16.93,81,1.22,76
Honolulu,US,United states of america,5856195,Honolulu,US,-157.86,21.3,22.69,66,2.57,40
Pakala,IN,India,1260830,Pakala,IN,79.11,13.45,15.62,94,1.62,0
Dehui,CN,China,2037712,Dehui,CN,125.71,44.53,-16,77,2,0
Toba,JP,Japan,1850345,Toba,JP,136.83,34.47,5,86,5.7,75
Tramandai,BR,Brazil,3446232,Tramandai,BR,-50.13,-29.98,28.1,86,4.37,56
Mattru,SL,Sierra leone,2409215,Mattru,SL,-11.83,7.62,33.57,38,2.17,0
Batticaloa,LK,Sri lanka,1250161,Batticaloa,LK,81.69,7.71,25.57,98,3.77,92
Hailar,CN,China,2037078,Hailar,CN,119.7,49.2,-24.76,37,1.97,0
Pochinok,RU,Russian federation,508606,Pochinok,RU,32.44,54.4,-12.26,81,1.27,44
Tallahassee,US,United states of america,4174715,Tallahassee,US,-84.28,30.44,13.04,28,4.6,1
Nyurba,RU,Russian federation,2018735,Nyurba,RU,118.35,63.29,-22.16,77,1.37,64
Padang,ID,Indonesia,1633419,Padang,ID,100.36,-0.92,26.87,100,0.17,80
Wuhu,CN,China,1791236,Wuhu,CN,118.43,31.35,4,100,1,90
Cacheu,GW,Guinea-bissau,2374311,Cacheu,GW,-16.16,12.27,27.82,73,2.1,0
Matamoros,MX,Mexico,3996426,Matamoros,MX,-103.23,25.53,22,37,2.6,5
Mitsamiouli,KM,Comoros,921786,Mitsamiouli,KM,43.28,-11.38,28,83,6.2,20
Kangasala,FI,Finland,654441,Kangasala,FI,24.07,61.46,-6.63,100,4.6,90
Okha,IN,India,1261066,Okha,IN,69.06,22.47,19.97,100,3.47,0
Sarkand,KZ,Kazakhstan,1519691,Sarkand,KZ,79.91,45.41,-8.93,83,1.17,36
Tokur,RU,Russian federation,2015217,Tokur,RU,132.9,53.13,-32.16,36,1.07,0
San cristobal,EC,Ecuador,3652567,San Cristobal,EC,-79.44,-1.02,17.42,100,1.52,92
Dickinson,US,United states of america,5688789,Dickinson,US,-102.79,46.88,6.7,46,4.6,1
Sola,VU,Vanuatu,2134814,Sola,VU,167.55,-13.88,26.5,100,2.52,0
Petawawa,CA,Canada,6101607,Petawawa,CA,-77.27,45.89,-13,60,9.3,40
Saint-maximin-la-sainte-baume,FR,France,2978100,Saint-Maximin-la-Sainte-Baume,FR,5.86,43.45,4.25,48,3.1,0
Stornoway,GB,United kingdom of great britain and northern ireland,2636790,Stornoway,GB,-6.39,58.21,9,87,4.6,75
Seymchan,RU,Russian federation,2121373,Seymchan,RU,152.39,62.93,-31.01,68,1.27,56
Kondinskoye,RU,Russian federation,1502697,Kondinskoye,RU,67.41,59.65,-26.51,47,1.22,56
Mathbaria,BD,Bangladesh,1185239,Mathbaria,BD,89.96,22.29,14.27,88,1.77,0
Albenga,IT,Italy,6539671,Albenga,IT,8.22,44.05,8.44,23,3.1,0
Port-cartier,CA,Canada,6111696,Port-Cartier,CA,-66.88,50.03,-6,79,5.7,90
Banamba,ML,Mali,2460546,Banamba,ML,-7.45,13.55,28.35,22,2.07,76
Suluq,LY,Libya,81604,Suluq,LY,20.25,31.67,8.67,70,2.67,0
Haifa,IL,Israel,294801,Haifa,IL,35,32.82,13,58,3.6,0
Lagos,PT,Portugal,2267226,Lagos,PT,-8.67,37.1,13,71,4.1,0
Coihaique,CL,Chile,3894426,Coihaique,CL,-72.07,-45.58,15.31,40,5.1,75
El tigre,VE,Venezuela (bolivarian republic of),3641351,El Tigre,VE,-64.25,8.89,32.5,36,5.72,36
Rossosh,RU,Russian federation,501231,Rossosh,RU,39.58,50.2,-5.26,94,4.67,92
Avarua,CK,Cook islands,4035715,Avarua,CK,-159.78,-21.21,26,69,8.2,40
Mahajanga,MG,Madagascar,1062663,Mahajanga,MG,46.32,-15.72,27,83,1,20
Srednekolymsk,RU,Russian federation,2121025,Srednekolymsk,RU,153.71,67.46,-35.88,57,1.17,48
Pervomayskoye,RU,Russian federation,1495256,Pervomayskoye,RU,86.23,57.07,-21.51,74,3.17,0
Manzanillo,MX,Mexico,3996663,Manzanillo,MX,-104.32,19.05,26.77,75,1.42,0
Cuajinicuilapa,MX,Mexico,3530046,Cuajinicuilapa,MX,-98.41,16.47,28.27,88,1.67,0
Bekhtery,UA,Ukraine,712682,Bekhtery,UA,32.3,46.25,2,90,4,90
Kanata,CA,Canada,6094817,Kanata,CA,-75.9,45.32,-8.47,66,11.8,75
Bourail,NC,New caledonia,2141714,Bourail,NC,165.5,-21.57,21.1,99,1.62,64
Punta arenas,CL,Chile,3874787,Punta Arenas,CL,-70.91,-53.16,12,71,7.7,75
Emerald,AU,Australia,2167426,Emerald,AU,148.16,-23.53,23,83,3.6,24
Westport,NZ,New zealand,2206900,Westport,NZ,171.6,-41.75,12.77,100,1.47,24
Biharamulo,TZ,"Tanzania, united republic of",161154,Biharamulo,TZ,31.31,-2.64,21.15,67,2.42,0
Igboho,NG,Nigeria,2338711,Igboho,NG,3.76,8.84,29.62,40,1.22,0
Niquero,CU,Cuba,3545981,Niquero,CU,-77.58,20.04,26.67,92,3.27,0
Emborion,GR,Greece,736324,Emborion,GR,21.55,40.48,3.22,77,4.27,0
Etampes,FR,France,3019459,Etampes,FR,2.15,48.43,3.34,86,3.1,0
Phenix city,US,United states of america,4082866,Phenix City,US,-85,32.47,9.6,28,5.7,1
Gboko,NG,Nigeria,2318374,Gboko,NG,9,7.32,28.85,54,1.27,0
Staryy nadym,RU,Russian federation,1490918,Staryy Nadym,RU,72.68,65.61,-30.58,68,2.57,20
Gravdal,NO,Norway,3147822,Gravdal,NO,5.78,59.79,5.98,93,9.3,75
Aljezur,PT,Portugal,2271968,Aljezur,PT,-8.8,37.31,14.72,93,6.02,0
Victoria,SC,Seychelles,241131,Victoria,SC,55.45,-4.62,26,83,3.1,40
Poros,GR,Greece,736151,Poros,GR,21.53,40.11,3.22,77,4.27,0
Banjar,ID,Indonesia,1650233,Banjar,ID,108.54,-7.37,21.67,98,0.87,56
Mufumbwe,ZM,Zambia,905382,Mufumbwe,ZM,24.8,-13.68,23.42,87,1.67,48
Shingu,JP,Japan,1847947,Shingu,JP,135.99,33.72,10.25,100,7.72,0
Ferrol,ES,Spain,3123493,Ferrol,ES,-8.23,43.48,6.86,65,2.6,0
Pindobacu,BR,Brazil,3453827,Pindobacu,BR,-40.36,-10.74,29.35,61,4.37,32
Touros,BR,Brazil,3386213,Touros,BR,-35.46,-5.2,30,66,8.2,75
Sao felix do xingu,BR,Brazil,3388847,Sao Felix do Xingu,BR,-51.99,-6.64,24.42,94,1.22,80
Sinjar,IQ,Iraq,448149,Sinjar,IQ,41.88,36.32,-2.88,77,1.07,48
Hervey bay,AU,Australia,2146219,Hervey Bay,AU,152.85,-25.3,22,83,3.1,75
Tongren,CN,China,1792592,Tongren,CN,109.18,27.72,0.87,100,1.32,92
Sabang,ID,Indonesia,1623502,Sabang,ID,120.82,1.17,27.25,100,3.22,0
Coos bay,US,United states of america,5720495,Coos Bay,US,-124.22,43.37,12.8,79,4.6,90
Celestun,MX,Mexico,3531368,Celestun,MX,-90.4,20.87,23.47,98,8.17,20
Atambua,ID,Indonesia,1651103,Atambua,ID,124.89,-9.11,26.1,100,1.32,8
Great yarmouth,GB,United kingdom of great britain and northern ireland,2647984,Great Yarmouth,GB,1.73,52.61,4,100,1,40
Bosaso,SO,Somalia,64013,Bosaso,SO,49.18,11.28,23.47,100,3.32,8
Vestmannaeyjar,IS,Iceland,3412093,Vestmannaeyjar,IS,-20.27,63.44,5,80,2.6,90
Ewa beach,US,United states of america,5855051,Ewa Beach,US,-158.01,21.32,22.69,66,2.1,90
Iranshahr,IR,Iran (islamic republic of),1160939,Iranshahr,IR,60.69,27.21,18,52,2.1,0
Sigli,ID,Indonesia,1213821,Sigli,ID,95.96,5.38,25.42,92,2.32,20
Miramar,MX,Mexico,4005539,Miramar,MX,-103.45,20.64,21,35,2.6,5
Vitim,RU,Russian federation,2013375,Vitim,RU,112.57,59.44,-7.66,77,2.87,68
Bouza,NE,Niger,2446466,Bouza,NE,6.04,14.42,23.77,47,1.42,0
Maniitsoq,GL,Greenland,3421982,Maniitsoq,GL,-52.9,65.42,-12.78,100,3.77,8
Upernavik,GL,Greenland,3418910,Upernavik,GL,-56.15,72.79,-20.68,100,0.97,8
Zarand,IR,Iran (islamic republic of),111421,Zarand,IR,56.57,30.81,5,32,3.1,0
Hilton head island,US,United states of america,4581833,Hilton Head Island,US,-80.75,32.16,11.17,34,5.7,1
Bom jesus,BR,Brazil,3405304,Bom Jesus,BR,-44.36,-9.08,28.9,69,2.32,68
Kieta,PG,Papua new guinea,2094027,Kieta,PG,155.63,-6.22,24.82,100,2.22,8
Abu kamal,SY,Syrian arab republic,174448,Abu Kamal,SY,40.92,34.45,3.82,78,3.22,0
Constitucion,MX,Mexico,4011743,Constitucion,MX,-104.67,23.99,20,24,3.1,5
Cam ranh,VN,Viet nam,1586350,Cam Ranh,VN,109.15,11.92,24,94,2.6,75
Sirnak,TR,Turkey,300640,Sirnak,TR,42.46,37.52,-14.51,61,1.37,32
Werda,BW,Botswana,932960,Werda,BW,23.28,-25.27,30,19,3.87,0
Palora,EC,Ecuador,3653523,Palora,EC,-77.97,-1.7,23.68,73,2.1,75
Nantucket,US,United states of america,4944903,Nantucket,US,-70.1,41.28,1.32,53,5.1,90
Ostersund,SE,Sweden,2685750,Ostersund,SE,14.64,63.18,5,80,9.3,40
Cabatuan,PH,Philippines,1721714,Cabatuan,PH,121.67,16.95,21.22,96,0.37,88
Melioratorov,RU,Russian federation,1499042,Melioratorov,RU,65.61,57.21,-13,92,2,90
Ancud,CL,Chile,3899695,Ancud,CL,-73.83,-41.87,16,55,4.1,0
Orange,AU,Australia,2154219,Orange,AU,149.1,-33.28,19.15,96,4.12,0
Swellendam,ZA,South africa,950709,Swellendam,ZA,20.44,-34.02,21,56,8.7,0
Balkhash,KZ,Kazakhstan,1525798,Balkhash,KZ,74.98,46.84,-11.43,100,2.02,44
Apastovo,RU,Russian federation,581359,Apastovo,RU,48.51,55.2,-10,92,3,90
Teguldet,RU,Russian federation,1489822,Teguldet,RU,88.17,57.31,-18.18,67,2.27,36
Woodward,US,United states of america,4556050,Woodward,US,-99.39,36.43,12.64,40,7.2,75
Saskylakh,RU,Russian federation,2017155,Saskylakh,RU,114.09,71.97,-45.08,0,2.52,0
Fredericksburg,US,United states of america,4760059,Fredericksburg,US,-77.46,38.3,2.43,37,5.1,1
Arraial do cabo,BR,Brazil,3471451,Arraial do Cabo,BR,-42.02,-22.97,30.56,65,10.3,0
Predejane,RS,Serbia,786806,Predejane,RS,22.13,42.83,-3,92,7.7,90
Moindou,NC,New caledonia,2140466,Moindou,NC,165.68,-21.69,22,94,1.5,90
Chimbote,PE,Peru,3698304,Chimbote,PE,-78.59,-9.08,22.52,91,2.02,64
Masyaf,SY,Syrian arab republic,167046,Masyaf,SY,36.34,35.06,10,57,1.5,0
Strezhevoy,RU,Russian federation,1490796,Strezhevoy,RU,77.6,60.73,-34,73,2,0
Atlantis,ZA,South africa,3370352,Atlantis,ZA,18.5,-33.57,19,77,4.6,75
Fereydun kenar,IR,Iran (islamic republic of),134602,Fereydun Kenar,IR,52.52,36.69,4.33,93,2.1,0
Hegang,CN,China,2036986,Hegang,CN,130.28,47.34,-19.26,72,1.77,0
Salalah,OM,Oman,286621,Salalah,OM,54.1,17.01,23,73,2.1,0
Verkh-usugli,RU,Russian federation,2013459,Verkh-Usugli,RU,115.17,52.7,-22.58,59,1.07,8
Westerland,DE,Germany,2810284,Westerland,DE,8.3,54.91,5.15,93,6.57,92
Barabinsk,RU,Russian federation,1510916,Barabinsk,RU,78.35,55.35,-22.01,63,2.12,36
Verkhnevilyuysk,RU,Russian federation,2013639,Verkhnevilyuysk,RU,120.31,63.45,-27.01,72,2.87,64
San jeronimo,MX,Mexico,3982846,San Jeronimo,MX,-110.79,29.37,16,93,1.97,90
Oum hadjer,TD,Chad,2426370,Oum Hadjer,TD,19.7,13.3,23.37,45,1.97,0
Dingle,IE,Ireland,2964782,Dingle,IE,-10.27,52.14,10,100,0.5,90
Paamiut,GL,Greenland,3421193,Paamiut,GL,-49.67,61.99,-1.83,100,3.12,80
Irara,BR,Brazil,3461022,Irara,BR,-38.77,-12.05,31.52,52,4.37,56
Beinamar,TD,Chad,2435708,Beinamar,TD,15.38,8.67,24.1,54,1.62,0
Salvador,BR,Brazil,3450554,Salvador,BR,-38.48,-12.98,30,70,5.1,40
Rio branco,BR,Brazil,3662574,Rio Branco,BR,-67.82,-9.98,30,62,4.6,40
Severomuysk,RU,Russian federation,2016907,Severomuysk,RU,113.57,56.17,-21.11,72,1.72,24
Alizai,PK,Pakistan,1168197,Alizai,PK,71.55,33.94,10,61,3.1,75
Busselton,AU,Australia,2075265,Busselton,AU,115.35,-33.64,18.07,100,5.82,12
Nanortalik,GL,Greenland,3421765,Nanortalik,GL,-45.24,60.14,-0.18,85,13.12,88
Imbituba,BR,Brazil,3461370,Imbituba,BR,-48.67,-28.24,30,70,7.2,40
Vila velha,BR,Brazil,6320062,Vila Velha,BR,-38.6,-3.71,29,66,6.2,20
Jan kempdorp,ZA,South africa,994023,Jan Kempdorp,ZA,24.84,-27.92,28.37,13,6.02,0
Zvishavane,ZW,Zimbabwe,878549,Zvishavane,ZW,30.05,-20.32,20.07,98,1.22,56
Caucaia,BR,Brazil,3402429,Caucaia,BR,-38.66,-3.73,29,66,6.2,20
Pundaguitan,PH,Philippines,1698289,Pundaguitan,PH,126.17,6.37,24.22,100,3.07,92
Bubaque,GW,Guinea-bissau,2374583,Bubaque,GW,-15.83,11.28,30.42,77,1.47,0
Zaysan,KZ,Kazakhstan,1517060,Zaysan,KZ,84.87,47.47,-8.38,94,1.17,80
Myski,RU,Russian federation,1498129,Myski,RU,87.8,53.71,-12.86,77,2.17,64
Yulara,AU,Australia,6355222,Yulara,AU,130.99,-25.24,27,12,4.1,0
Atar,MR,Mauritania,2381334,Atar,MR,-13.05,20.52,27,14,5.1,0
Chokurdakh,RU,Russian federation,2126123,Chokurdakh,RU,147.9,70.62,-37.03,64,3.42,8
Sorland,NO,Norway,3137469,Sorland,NO,12.69,67.67,0.45,86,22.1,75
Korla,CN,China,1529376,Korla,CN,86.15,41.76,-14.43,86,1.42,48
Rocha,UY,Uruguay,3440777,Rocha,UY,-54.34,-34.48,22.6,78,5.07,92
That phanom,TH,Thailand,1605483,That Phanom,TH,104.73,16.94,23,72,3.52,0
Quatre cocos,MU,Mauritius,1106643,Quatre Cocos,MU,57.76,-20.21,28,83,5.1,40
Portland,AU,Australia,2152668,Portland,AU,149.98,-33.35,17,98,1.02,76
Acari,PE,Peru,3948613,Acari,PE,-74.62,-15.44,22.25,67,1.67,12
Sobolevo,RU,Russian federation,525426,Sobolevo,RU,31.9,54.43,-11.88,79,1.22,44
Malabo,GQ,Equatorial guinea,2309527,Malabo,GQ,8.78,3.75,27,83,2.6,20
Olinda,BR,Brazil,3456160,Olinda,BR,-43.41,-22.82,35.13,41,5.7,20
Evanston,US,United states of america,4891382,Evanston,US,-87.69,42.04,-5.24,61,4.37,90
Rosarito,MX,Mexico,3980161,Rosarito,MX,-109.91,27.04,23,60,4.6,75
Prainha,BR,Brazil,3391287,Prainha,BR,-53.48,-1.8,25,92,1.57,92
San andres,CO,Colombia,7522928,San Andres,CO,-76.58,8.22,30,66,5.1,20
Vanimo,PG,Papua new guinea,2084442,Vanimo,PG,141.3,-2.67,28.42,99,5.67,8
Khuzhir,RU,Russian federation,2022143,Khuzhir,RU,107.35,53.19,-19.61,70,0.67,0
Koutiala,ML,Mali,2454268,Koutiala,ML,-5.46,12.39,28.52,28,1.62,0
Kamenka,RU,Russian federation,553725,Kamenka,RU,44.05,53.19,-13.48,90,3.72,56
Tessalit,ML,Mali,2449893,Tessalit,ML,1.01,20.2,17.07,25,1.67,0
Losal,IN,India,1264756,Losal,IN,74.92,27.4,9.37,77,2.97,8
Mahebourg,MU,Mauritius,934322,Mahebourg,MU,57.7,-20.41,28,83,5.1,40
Kutum,SD,Sudan,371745,Kutum,SD,24.66,14.2,15.52,73,2.07,0
Beterou,BJ,Benin,2395127,Beterou,BJ,2.26,9.2,30.72,38,1.27,0
Kasane,BW,Botswana,933677,Kasane,BW,25.16,-17.8,24,88,1.5,40
San juan,US,United states of america,4726440,San Juan,US,-98.16,26.19,21.58,56,2.1,90
Umm kaddadah,SD,Sudan,364933,Umm Kaddadah,SD,26.69,13.6,17.9,40,4.12,0
Hasaki,JP,Japan,2112802,Hasaki,JP,140.83,35.73,-1.17,59,3.1,20
Indramayu,ID,Indonesia,1624987,Indramayu,ID,103.78,-4.05,19.62,95,1.07,32
Rawson,AR,Argentina,3839307,Rawson,AR,-65.11,-43.3,22.42,40,4.57,0
Shchigry,RU,Russian federation,495206,Shchigry,RU,36.91,51.87,-3.73,93,4.57,92
Buala,SB,Solomon islands,2109528,Buala,SB,159.59,-8.15,27.22,95,2.67,76
Varhaug,NO,Norway,3132644,Varhaug,NO,5.65,58.61,5,93,1.5,90
South lake tahoe,US,United states of america,5397664,South Lake Tahoe,US,-119.98,38.93,4.07,52,1.42,1
Muros,ES,Spain,3115824,Muros,ES,-9.06,42.77,8.08,75,3.6,0
Varnavino,RU,Russian federation,543704,Varnavino,RU,46.56,61.19,-7.68,85,3.87,76
Clyde river,CA,Canada,5924351,Clyde River,CA,-68.59,70.47,-32,74,2.1,20
Slave lake,CA,Canada,6149374,Slave Lake,CA,-114.77,55.28,-12,78,6.7,20
Talnakh,RU,Russian federation,1490256,Talnakh,RU,88.39,69.49,-34.93,51,1.62,56
Waitati,NZ,New zealand,2179825,Waitati,NZ,170.57,-45.75,9.62,100,2.22,92
Vizinga,RU,Russian federation,473263,Vizinga,RU,50.08,61.08,-8.03,87,2.07,76
Ixtapa,MX,Mexico,4004293,Ixtapa,MX,-105.21,20.71,28,65,4.1,5
Martapura,ID,Indonesia,1636022,Martapura,ID,114.85,-3.41,24.47,100,1.52,68
Sal rei,CV,Cabo verde,3374235,Sal Rei,CV,-22.92,16.18,23,64,6.2,0
Ilmenau,DE,Germany,2896514,Ilmenau,DE,10.91,50.69,-2,79,2.6,75
Ola,RU,Russian federation,2122574,Ola,RU,151.3,59.58,-18.61,100,4.57,0
Pisco,PE,Peru,3932145,Pisco,PE,-76.2,-13.71,22,30,3.1,90
Kalemie,CD,Congo (democratic republic of the),214974,Kalemie,CD,29.2,-5.95,24.15,100,0.52,24
Yinchuan,CN,China,1786657,Yinchuan,CN,106.21,38.48,-18.33,59,1.07,0
Najran,SA,Saudi arabia,103630,Najran,SA,44.22,17.54,18,48,3.1,0
Rantepao,ID,Indonesia,1629974,Rantepao,ID,119.9,-2.97,20.47,100,0.67,68
Tateyama,JP,Japan,1849876,Tateyama,JP,137.31,36.66,0.15,100,1.42,92
Monywa,MM,Myanmar,1308522,Monywa,MM,95.13,22.12,15.82,92,1.77,0
San patricio,MX,Mexico,3985168,San Patricio,MX,-104.7,19.22,26.77,75,1.42,0
Ojinaga,MX,Mexico,3994469,Ojinaga,MX,-104.42,29.57,14.8,52,1.02,1
Tasiilaq,GL,Greenland,3424607,Tasiilaq,GL,-37.64,65.61,-5,57,7.7,92
Puerto madryn,AR,Argentina,3840092,Puerto Madryn,AR,-65.04,-42.77,19.62,65,1.42,0
Ouadda,CF,Central african republic,236901,Ouadda,CF,22.4,8.07,23.92,48,2.82,0
Safford,US,United states of america,5312476,Safford,US,-109.71,32.83,8.3,86,2.6,90
Nabire,ID,Indonesia,1634614,Nabire,ID,135.5,-3.36,19.07,88,0.97,0
Sur,OM,Oman,286245,Sur,OM,59.53,22.57,22.85,100,1.07,8
Novopavlovka,RU,Russian federation,2018896,Novopavlovka,RU,109.22,51.21,-25.73,39,1.07,0
Jiaxing,CN,China,1805953,Jiaxing,CN,120.75,30.76,6,100,2,75
Soroti,UG,Uganda,226234,Soroti,UG,33.61,1.71,24.17,35,6.27,0
Sanski most,BA,Bosnia and herzegovina,3191297,Sanski Most,BA,16.67,44.77,1,95,3.1,75
Mangan,IN,India,1263776,Mangan,IN,88.54,27.5,-13.33,57,0.57,0
Qeshm,IR,Iran (islamic republic of),119374,Qeshm,IR,56.27,26.96,21.49,78,3.1,8
Sao joao da barra,BR,Brazil,3448903,Sao Joao da Barra,BR,-41.05,-21.64,30,58,9.3,0
Sosnovo-ozerskoye,RU,Russian federation,2016216,Sosnovo-Ozerskoye,RU,111.54,52.53,-22.98,45,1.42,0
Sterling,US,United states of america,4787534,Sterling,US,-77.4,39,1.92,41,10.8,20
Barao de melgaco,BR,Brazil,3470871,Barao de Melgaco,BR,-55.97,-16.19,28,61,2.6,75
Miri,MY,Malaysia,1738050,Miri,MY,114.01,4.41,24,100,1.5,75
Zhanaozen,KZ,Kazakhstan,607610,Zhanaozen,KZ,52.85,43.35,-0.86,97,2.07,80
Sicamous,CA,Canada,6147353,Sicamous,CA,-118.99,50.84,-2,92,1,90
Kodiak,US,United states of america,4407665,Kodiak,US,-94.76,39.95,1.18,54,4.6,1
Ust-nera,RU,Russian federation,2120048,Ust-Nera,RU,143.24,64.57,-33.68,40,0.72,68
Flagstaff,US,United states of america,5294810,Flagstaff,US,-111.65,35.2,8.63,64,6.2,75
Shieli,KZ,Kazakhstan,1524801,Shieli,KZ,66.74,44.18,-2.63,90,5.47,20
Gilgit,PK,Pakistan,1178338,Gilgit,PK,74.31,35.92,-11.38,89,0.17,88
Riyadh,SA,Saudi arabia,108410,Riyadh,SA,46.72,24.63,12,34,2.1,0
Egvekinot,RU,Russian federation,4031742,Egvekinot,RU,-179.17,66.32,-31.43,36,1.07,36
Encantado,BR,Brazil,3464274,Encantado,BR,-51.88,-29.24,26.35,87,1.22,64
Ukiah,US,United states of america,5404476,Ukiah,US,-123.21,39.15,12.2,74,1.5,40
Provideniya,RU,Russian federation,4031574,Provideniya,RU,-173.23,64.42,-17.18,100,11.37,32
Matara,LK,Sri lanka,1235846,Matara,LK,80.54,5.95,25.25,100,1.07,12
Roebourne,AU,Australia,2062276,Roebourne,AU,117.15,-20.77,31.22,14,6.07,0
Meulaboh,ID,Indonesia,1214488,Meulaboh,ID,96.13,4.14,26.5,100,1.52,92
Carutapera,BR,Brazil,3402648,Carutapera,BR,-46.02,-1.2,22.77,100,3.47,88
Fort collins,US,United states of america,5577147,Fort Collins,US,-105.07,40.55,11.06,29,3.1,1
San vicente,PH,Philippines,1687428,San Vicente,PH,122.87,14.11,26.67,98,10.32,92
Sinegorskiy,RU,Russian federation,492853,Sinegorskiy,RU,40.84,48.01,-7.78,87,4.22,88
Iralaya,HN,Honduras,3608828,Iralaya,HN,-83.23,15,27.25,78,4.12,68
South sioux city,US,United states of america,5079250,South Sioux City,US,-96.41,42.47,-0.68,63,7.7,1
Siocon,PH,Philippines,1724435,Siocon,PH,124.04,11.03,26.57,98,9.22,68
Whyalla,AU,Australia,2058430,Whyalla,AU,137.58,-33.04,15,77,2.6,0
Kupino,RU,Russian federation,1501365,Kupino,RU,77.31,54.36,-22.03,63,1.42,44
Roswell,US,United states of america,5488441,Roswell,US,-104.52,33.39,11.04,48,3.1,1
Turnov,CZ,Czechia,3063853,Turnov,CZ,15.16,50.59,0,89,3.6,75
Vao,NC,New caledonia,2137773,Vao,NC,167.48,-22.67,24.4,100,8.42,92
Shache,CN,China,1280037,Shache,CN,77.24,38.42,-11.98,70,1.62,20
Hyvinkaa,FI,Finland,656913,Hyvinkaa,FI,24.87,60.63,-5,100,3.6,75
Kandrian,PG,Papua new guinea,2094746,Kandrian,PG,149.55,-6.21,23.92,99,1.07,0
Oussouye,SN,Senegal,2246901,Oussouye,SN,-16.54,12.49,27.86,73,2.1,0
Khatanga,RU,Russian federation,2022572,Khatanga,RU,102.47,71.98,-36.51,60,2.72,0
Volksrust,ZA,South africa,943032,Volksrust,ZA,29.88,-27.36,22.57,42,1.77,0
Troitskoye,RU,Russian federation,1489209,Troitskoye,RU,84.68,52.98,-14.51,81,1.87,64
Quesnel,CA,Canada,6115187,Quesnel,CA,-122.49,52.98,-7,92,1,75
Qaanaaq,GL,Greenland,3831208,Qaanaaq,GL,-69.36,77.48,-27.78,100,4.12,0
Ilek,RU,Russian federation,557340,Ilek,RU,53.38,51.53,-17.43,74,0.97,80
Port arthur,US,United states of america,4720039,Port Arthur,US,-93.93,29.9,14.17,30,3.02,1
Matias romero,MX,Mexico,3523450,Matias Romero,MX,-95.03,16.88,21.12,78,7.12,64
Kerema,PG,Papua new guinea,2094144,Kerema,PG,145.78,-7.96,21.22,100,1.32,76
Jutai,BR,Brazil,3388869,Jutai,BR,-47.89,-1.71,24.87,96,1.37,92
Onega,RU,Russian federation,515246,Onega,RU,38.09,63.91,-7.23,92,5.87,68
Denpasar,ID,Indonesia,1645528,Denpasar,ID,115.22,-8.65,28,88,2.6,40
Montmagny,CA,Canada,6325529,Montmagny,CA,-70.56,46.98,-1,63,2.6,75
Goba,ET,Ethiopia,336350,Goba,ET,39.97,7.01,9.02,58,1.52,0
Ordu,TR,Turkey,741100,Ordu,TR,37.88,40.98,7,52,1,0
Soderhamn,SE,Sweden,2676224,Soderhamn,SE,17.06,61.3,0.12,81,5.12,92
Bougouni,ML,Mali,2459775,Bougouni,ML,-7.49,11.42,30.62,20,2.42,0
Arinos,BR,Brazil,3471522,Arinos,BR,-46.11,-15.92,28.52,63,2.92,68
Makakilo city,US,United states of america,5850554,Makakilo City,US,-158.09,21.35,22.69,66,2.1,90
Sogne,NO,Norway,3137971,Sogne,NO,7.82,58.08,4,100,3.6,0
Ushuaia,AR,Argentina,3833367,Ushuaia,AR,-68.31,-54.81,15.09,54,3.6,75
Gonzaga,PH,Philippines,1712751,Gonzaga,PH,121.99,18.26,19.72,100,1.22,56
Aitape,PG,Papua new guinea,2101169,Aitape,PG,142.36,-3.15,26.82,97,3.42,68
Palembang,ID,Indonesia,1633070,Palembang,ID,104.76,-2.99,23.97,94,1.22,0
Remedios,PA,Panama,3701491,Remedios,PA,-81.83,8.23,31,52,4.1,20
Veraval,IN,India,1253237,Veraval,IN,70.37,20.9,21.62,65,3.47,0
Nador,MA,Morocco,2541479,Nador,MA,-2.93,35.17,12.47,76,3.6,92
Krasnyy yar,RU,Russian federation,541344,Krasnyy Yar,RU,44.73,50.7,-16.98,70,2.92,12
Tianpeng,CN,China,1797543,Tianpeng,CN,112.34,28.88,3.57,100,2.87,92
Petatlan,MX,Mexico,3992842,Petatlan,MX,-101.27,17.52,31,62,4.1,5
Georgetown,SH,"Saint helena, ascension and tristan da cunha",2411397,Georgetown,SH,-14.42,-7.93,26.12,100,5.02,80
Rorvik,NO,Norway,3141310,Rorvik,NO,11.24,64.86,6.1,65,17,75
Banff,CA,Canada,5892532,Banff,CA,-115.57,51.18,-11.36,75,0.87,0
Sao sebastiao,BR,Brazil,3397893,Sao Sebastiao,BR,-58.36,-3.15,22,100,1.5,40
Ahmadpur sial,PK,Pakistan,1356491,Ahmadpur Sial,PK,71.77,30.68,16,67,2.1,75
Zaltan,LY,Libya,2208655,Zaltan,LY,11.87,32.95,12.82,90,3.62,0
Mariental,NA,Namibia,3355595,Mariental,NA,17.97,-24.63,26.65,10,2.52,0
Lorengau,PG,Papua new guinea,2092164,Lorengau,PG,147.27,-2.02,28.42,100,3.47,0
Chambas,CU,Cuba,3564394,Chambas,CU,-78.91,22.19,23,83,2.6,75
Belmonte,BR,Brazil,3448454,Belmonte,BR,-53.58,-26.84,25.5,96,1.97,56
Ahuimanu,US,United states of america,5856516,Ahuimanu,US,-157.84,21.44,22.72,84,2.57,75
Sturgeon falls,CA,Canada,5952554,Sturgeon Falls,CA,-79.93,46.36,-17,77,7.7,90
Gao,ML,Mali,2457163,Gao,ML,-0.04,16.28,23.62,23,1.22,12
Luanda,AO,Angola,2240449,Luanda,AO,13.24,-8.83,27,74,4.1,20
Hithadhoo,MV,Maldives,1282256,Hithadhoo,MV,73.08,-0.6,26.87,100,2.22,68
Kjopsvik,NO,Norway,3150002,Kjopsvik,NO,16.37,68.1,0,100,20.1,75
Acapulco,MX,Mexico,3533462,Acapulco,MX,-99.88,16.86,30,66,3.1,20
Richards bay,ZA,South africa,962367,Richards Bay,ZA,32.06,-28.77,26.22,76,6.57,0
Sai buri,TH,Thailand,1606851,Sai Buri,TH,101.62,6.7,25.17,87,2.12,68
Zhaodong,CN,China,2033168,Zhaodong,CN,125.99,46.07,-21,76,1,0
Alice springs,AU,Australia,2077895,Alice Springs,AU,133.88,-23.7,24,23,3.37,0
Luwuk,ID,Indonesia,1637001,Luwuk,ID,122.79,-0.95,24.92,100,1.22,44
Diapaga,BF,Burkina faso,2361373,Diapaga,BF,1.79,12.07,27.85,39,1.22,0
Eureka,US,United states of america,5563397,Eureka,US,-124.16,40.8,14.2,66,3.6,90
Igrim,RU,Russian federation,1505965,Igrim,RU,64.42,63.19,-25.03,62,3.12,8
Henties bay,NA,Namibia,3356832,Henties Bay,NA,14.28,-22.12,18.57,91,5.27,0
Itaituba,BR,Brazil,3397967,Itaituba,BR,-55.99,-4.26,26,88,1,75
Fuzhou,CN,China,1810821,Fuzhou,CN,119.3,26.08,13,93,2,90
Kununurra,AU,Australia,2068110,Kununurra,AU,128.74,-15.77,26,94,3.42,24
Boa vista,BR,Brazil,3664980,Boa Vista,BR,-60.67,2.82,33,36,7.2,75
San vicente de canete,PE,Peru,3928993,San Vicente de Canete,PE,-76.38,-13.08,20.97,86,1.97,64
Kasungu,MW,Malawi,928534,Kasungu,MW,33.48,-13.04,22.75,84,2.37,0
Springdale,CA,Canada,6154159,Springdale,CA,-56.06,49.5,-0.58,96,5.72,76
Ambon,ID,Indonesia,1651531,Ambon,ID,128.18,-3.7,28.07,98,3.17,48
Aklavik,CA,Canada,5882953,Aklavik,CA,-135.01,68.22,-33.63,67,3.1,75
Bilibino,RU,Russian federation,2126682,Bilibino,RU,166.44,68.06,-17.61,61,2.12,8
Calamar,CO,Colombia,3687975,Calamar,CO,-72.65,1.96,33.25,40,2.52,68
Viedma,AR,Argentina,3832899,Viedma,AR,-62.99,-40.81,17.27,85,3.32,0
Kudahuvadhoo,MV,Maldives,1337607,Kudahuvadhoo,MV,72.89,2.67,25.07,100,3.47,56
Pacific grove,US,United states of america,5380437,Pacific Grove,US,-121.92,36.62,12.15,74,1.77,1
Palmer,US,United states of america,5871146,Palmer,US,-149.11,61.6,-11.84,87,0.52,90
Roura,GF,French guiana,3380450,Roura,GF,-52.33,4.73,28,69,4.6,75
Moundou,TD,Chad,2427455,Moundou,TD,16.07,8.57,25.35,44,2.07,0
West fargo,US,United states of america,5062458,West Fargo,US,-96.9,46.88,-8.14,67,8.2,1
Verkhnyaya inta,RU,Russian federation,1487332,Verkhnyaya Inta,RU,60.32,65.99,-20.53,81,2.07,56
Narsaq,GL,Greenland,3421719,Narsaq,GL,-46.05,60.91,-6.88,83,1.97,92
Kualakapuas,ID,Indonesia,1639304,Kualakapuas,ID,114.39,-3.01,22.92,100,1.47,92
Sechura,PE,Peru,3691954,Sechura,PE,-80.82,-5.56,25.65,77,2.07,12
Mwene-ditu,CD,Congo (democratic republic of the),207570,Mwene-Ditu,CD,23.45,-7.01,23.82,86,1.37,24
Santa cruz del sur,CU,Cuba,3537840,Santa Cruz del Sur,CU,-78,20.71,27.4,73,2.07,8
Aykhal,RU,Russian federation,2027296,Aykhal,RU,111.51,65.95,-32.68,39,1.22,48
Mogadishu,SO,Somalia,53654,Mogadishu,SO,45.34,2.04,26.37,99,9.72,0
Comodoro rivadavia,AR,Argentina,3860443,Comodoro Rivadavia,AR,-67.48,-45.87,25,12,8.7,0
Necochea,AR,Argentina,3430443,Necochea,AR,-58.74,-38.55,14.47,95,3.87,92
Te anau,NZ,New zealand,2181625,Te Anau,NZ,167.72,-45.41,8.85,81,2.47,56
Velikooktyabrskiy,RU,Russian federation,476046,Velikooktyabrskiy,RU,33.81,57.43,-10.98,85,2.77,80
Coahuayana,MX,Mexico,3981460,Coahuayana,MX,-100.35,18.62,25.52,37,1.42,0
Kalakamati,BW,Botswana,933390,Kalakamati,BW,27.31,-20.59,25,73,1,40
Kambove,CD,Congo (democratic republic of the),923058,Kambove,CD,26.6,-10.88,20.77,81,1.62,12
Nalut,LY,Libya,2214433,Nalut,LY,10.98,31.86,10.02,58,5.42,0
Aransas pass,US,United states of america,4671141,Aransas Pass,US,-97.15,27.91,18.03,66,4.6,1
Yendi,GH,Ghana,2293801,Yendi,GH,0,9.45,33.67,33,1.22,0
Davila,PH,Philippines,1715335,Davila,PH,120.58,18.47,22,94,1,20
Roskovec,AL,Albania,3184290,Roskovec,AL,19.7,40.74,3.72,93,2.42,92
Beloha,MG,Madagascar,1067565,Beloha,MG,45.06,-25.17,23.07,98,3.67,100
Los llanos de aridane,ES,Spain,2514651,Los Llanos de Aridane,ES,-17.92,28.66,18,59,1,75
Tagusao,PH,Philippines,1684245,Tagusao,PH,117.81,9.19,24.02,100,2.62,88
Port lincoln,AU,Australia,2063036,Port Lincoln,AU,135.86,-34.72,17.87,97,4.67,0
Villacarrillo,ES,Spain,2509606,Villacarrillo,ES,-3.08,38.12,-0.01,71,2.72,0
Lima,PE,Peru,3936456,Lima,PE,-77.04,-12.06,26,61,3.1,90
Lichinga,MZ,Mozambique,1043893,Lichinga,MZ,35.25,-13.3,20,100,1,90
Kula,TR,Turkey,305810,Kula,TR,28.65,38.55,7.9,78,4.97,92
Oktyabrskiy,RU,Russian federation,515873,Oktyabrskiy,RU,37.97,55.61,-9.22,92,1,75
Lichuan,CN,China,1803782,Lichuan,CN,108.94,30.3,-0.23,97,0.52,92
Labuhan,ID,Indonesia,1641899,Labuhan,ID,115.51,-2.54,23.1,94,1.07,68
Shemgang,BT,Bhutan,1252451,Shemgang,BT,90.66,27.22,7.4,93,0.87,8
Grand-santi,GF,French guiana,3381538,Grand-Santi,GF,-54.38,4.27,28.37,66,1.52,56
Petropavlovsk-kamchatskiy,RU,Russian federation,2122104,Petropavlovsk-Kamchatskiy,RU,158.65,53.05,-18,77,3,8
Junin,PE,Peru,3947322,Junin,PE,-71.58,-16.45,16.57,28,2.02,0
Inhambane,MZ,Mozambique,1045114,Inhambane,MZ,35.38,-23.87,29,83,4.1,20
Lompoc,US,United states of america,5367788,Lompoc,US,-120.46,34.64,12.38,87,1.32,40
Port alfred,ZA,South africa,964432,Port Alfred,ZA,26.89,-33.59,20.62,85,5.37,12
Pochutla,MX,Mexico,3517970,Pochutla,MX,-96.47,15.74,29.44,62,5.1,40
Ponta do sol,CV,Cabo verde,3374346,Ponta do Sol,CV,-25.09,17.2,24,53,12.3,20
Lingao,CN,China,1803560,Lingao,CN,109.69,19.91,20.42,99,2.22,56
Halifax,CA,Canada,6324729,Halifax,CA,-63.58,44.65,2,69,4.6,75
Oeiras do para,BR,Brazil,3393762,Oeiras do Para,BR,-49.85,-2,23.27,100,2.12,92
East london,ZA,South africa,1006984,East London,ZA,27.91,-33.02,21,77,5.1,20
Kharp,RU,Russian federation,1503726,Kharp,RU,65.8,66.82,-34.91,51,1.42,0
Mianwali,PK,Pakistan,1170425,Mianwali,PK,71.58,32.57,8.15,82,3.87,68
Atyrau,KZ,Kazakhstan,610529,Atyrau,KZ,51.92,47.1,-8,85,3,75
Altamira,BR,Brazil,3407882,Altamira,BR,-52.21,-3.2,28,83,1,75
Dzitas,MX,Mexico,3529652,Dzitas,MX,-88.52,20.85,26,57,5.1,75
Tevaitoa,PF,French polynesia,4033375,Tevaitoa,PF,-151.5,-16.78,28.17,100,6.27,92
Pontianak,ID,Indonesia,1630789,Pontianak,ID,109.34,-0.02,25.85,98,1.62,76
Polis,CY,Cyprus,146137,Polis,CY,32.42,35.04,12,71,4.1,75
Lai,TD,Chad,2429296,Lai,TD,16.3,9.4,25.65,45,1.32,0
Kruisfontein,ZA,South africa,986717,Kruisfontein,ZA,24.73,-34,19.32,84,5.02,32
Albany,AU,Australia,2077963,Albany,AU,117.88,-35.02,14,87,3.1,40
Scarborough,GB,United kingdom of great britain and northern ireland,2638419,Scarborough,GB,-0.41,54.28,7.77,87,2.1,80
Saint-marc-des-carrieres,CA,Canada,6138719,Saint-Marc-des-Carrieres,CA,-72.05,46.68,-2.58,67,7.2,90
Rincon,US,United states of america,4218882,Rincon,US,-81.24,32.3,10.93,34,3.1,40
Batemans bay,AU,Australia,2176639,Batemans Bay,AU,150.18,-35.71,17.57,100,0.47,92
Bajram curri,AL,Albania,781171,Bajram Curri,AL,20.08,42.36,-6.13,89,0.77,92
Lebu,CL,Chile,3883457,Lebu,CL,-73.65,-37.62,14.97,86,8.97,0
Bani walid,LY,Libya,2218840,Bani Walid,LY,14,31.76,11.35,27,4.52,0
Faanui,PF,French polynesia,4034551,Faanui,PF,-151.75,-16.48,28.9,100,7.77,76
Kavieng,PG,Papua new guinea,2094342,Kavieng,PG,150.8,-2.57,28.97,100,3.67,0
Rumphi,MW,Malawi,924102,Rumphi,MW,33.86,-11.02,18.62,97,0.72,8
Mehamn,NO,Norway,778707,Mehamn,NO,27.85,71.03,-0.32,88,10.3,75
Sitka,US,United states of america,4267710,Sitka,US,-99.65,37.17,9.82,43,7.27,24
Oranjemund,NA,Namibia,3354071,Oranjemund,NA,16.43,-28.55,17.82,93,3.87,0
Bluff,NZ,New zealand,2206939,Bluff,NZ,168.33,-46.6,13.32,100,10.77,64
General roca,AR,Argentina,3855065,General Roca,AR,-67.58,-39.03,22,17,4.1,0
Harer,ET,Ethiopia,335035,Harer,ET,42.13,9.31,9.97,72,1.22,12
Makat,KZ,Kazakhstan,608872,Makat,KZ,53.35,47.65,-8.23,92,1.52,92
Pudozh,RU,Russian federation,504269,Pudozh,RU,36.54,61.81,-7.13,91,2.87,76
Raduzhnyy,RU,Russian federation,1540356,Raduzhnyy,RU,77.47,62.1,-27.93,53,6.52,36
Jalu,LY,Libya,86049,Jalu,LY,21.55,29.03,9.77,35,2.77,0
Atherton,AU,Australia,2177541,Atherton,AU,145.48,-17.27,26,83,6.2,90
Santa maria,CV,Cabo verde,3374218,Santa Maria,CV,-22.9,16.6,23,64,6.7,0
Saint george,BM,Bermuda,3573061,Saint George,BM,-64.68,32.38,19,63,9.8,75
Bima,ID,Indonesia,1648759,Bima,ID,118.73,-8.45,25.5,96,1.07,76
Whitefish,US,United states of america,5686121,Whitefish,US,-114.33,48.41,1.1,85,1.22,90
Adilabad,IN,India,1279344,Adilabad,IN,78.53,19.68,12.35,72,1.97,0
Malanje,AO,Angola,2239862,Malanje,AO,16.35,-9.54,23.1,71,2.57,0
Remedios,CU,Cuba,3542455,Remedios,CU,-79.55,22.5,23,56,4.1,75
Williston,US,United states of america,5692947,Williston,US,-103.62,48.15,-1.08,59,3.1,1
Pryshyb,UA,Ukraine,693468,Pryshyb,UA,37.65,49.02,-1.63,96,6.82,92
Namatanai,PG,Papua new guinea,2090021,Namatanai,PG,152.44,-3.66,28.52,100,4.62,0
Crato,BR,Brazil,3401545,Crato,BR,-39.41,-7.24,32,43,2.6,20
Cherkasskoye,RU,Russian federation,569170,Cherkasskoye,RU,47.21,52.43,-14.03,79,1.47,64
Peniche,PT,Portugal,2264923,Peniche,PT,-9.38,39.36,12.61,62,4.1,0
Waverly,US,United states of america,4792494,Waverly,US,-77.1,37.04,3.96,34,6.2,1
Rockhampton,AU,Australia,2151437,Rockhampton,AU,150.51,-23.38,23,88,3.1,92
Eyemouth,GB,United kingdom of great britain and northern ireland,2649784,Eyemouth,GB,-2.09,55.87,9,70,6.2,8
Cape town,ZA,South africa,3369157,Cape Town,ZA,18.42,-33.93,19,77,4.6,75
Lazarev,RU,Russian federation,2123836,Lazarev,RU,141.51,52.23,-15.61,63,5.07,56
Meadow lake,CA,Canada,6071421,Meadow Lake,CA,-108.44,54.13,-14,77,3.1,90
Tual,ID,Indonesia,1623197,Tual,ID,132.75,-5.67,27.17,100,4.17,12
Ambilobe,MG,Madagascar,1082243,Ambilobe,MG,49.05,-13.19,22.57,97,1.42,92
